StartDate,EndDate,Status,IPAddress,Progress,Duration (in seconds),Finished,RecordedDate,ResponseId,RecipientLastName,RecipientFirstName,RecipientEmail,ExternalReference,LocationLatitude,LocationLongitude,DistributionChannel,UserLanguage,Q_RecaptchaScore,Q1.1_4,Q1.2,Q1.3,Q1.3_9_TEXT,Q1.4,Q1.4_9_TEXT,Q1.5,Q1.5_9_TEXT,Q1.6,Q1.7,Q1.7_6_TEXT,Q1.8_1,Q1.9_1,Q1.9_2,Q1.9_3,Q1.9_4,Q1.9_5,Q1.9_6,Q1.9_7,Q1.9_8,Q1.9_9,Q1.9_10,Q2.1_1,Q2.1_2,Q2.1_3,Q2.1_4,Q2.1_5,Q2.1_6,Q2.1_7,Q2.1_8,Q2.1_9,Q2.1_10,Q2.1_11,Q2.1_12,Q3.1_1,Q3.1_2,Q3.1_3,Q3.1_4,Q3.1_5,Q3.1_6,Q3.1_7,Q3.1_8,Q3.2_1,Q3.2_2,Q3.2_3,Q3.2_4,Q3.2_5,Q3.2_6,Q3.2_7,Q3.2_8,Q3.3_1,Q3.3_2,Q3.3_3,Q3.3_4,Q3.3_5,Q3.3_6,Q3.3_7,Q3.3_8,Q3.4_1,Q3.4_2,Q3.4_3,Q3.4_4,Q3.4_5,Q3.4_6,Q3.4_7,Q3.4_8,Q3.5_1,Q3.5_2,Q3.5_3,Q3.5_4,Q3.5_5,Q3.5_6,Q3.5_7,Q3.5_8,Q3.6_1,Q3.6_2,Q3.6_3,Q3.6_4,Q3.6_5,Q3.6_6,Q3.6_7,Q3.6_8,Q3.7_1,Q3.7_2,Q3.7_3,Q3.7_4,Q3.7_5,Q3.7_6,Q3.7_7,Q3.7_8,Q3.8_1,Q3.8_2,Q3.8_3,Q3.8_4,Q3.8_5,Q3.8_6,Q3.8_7,Q3.8_8,Q3.9_1,Q3.9_2,Q3.9_3,Q3.9_4,Q3.9_5,Q3.9_6,Q3.9_7,Q3.9_8,Q3.10_1,Q3.10_2,Q3.10_3,Q3.10_4,Q3.10_5,Q3.10_6,Q3.10_7,Q3.10_8,Q3.11_1,Q3.11_2,Q3.11_3,Q3.11_4,Q3.11_5,Q3.11_6,Q3.11_7,Q3.11_8,Q3.12_1,Q3.12_2,Q3.12_3,Q3.12_4,Q3.12_5,Q3.12_6,Q3.12_7,Q3.12_8,Q4.1,Q4.2,Q4.3,Q4.4,Q4.5,Q4.6,Q4.7,Q4.8,Q4.9,Q4.10,Q4.11,Q4.12,Q4.13,Q4.14,Q4.15_1,Q5.1,Q5.2,Q5.3,Q5.4,Q5.5
Start Date,End Date,Response Type,IP Address,Progress,Duration (in seconds),Finished,Recorded Date,Response ID,Recipient Last Name,Recipient First Name,Recipient Email,External Data Reference,Location Latitude,Location Longitude,Distribution Channel,User Language,Q_RecaptchaScore,How many hours per week do you spend watching streaming services? - Hours per Week,How often do you watch video streaming services?,"Which video streaming service(s) have you watched before? (Select all that apply, if other please specify) - Selected Choice","Which video streaming service(s) have you watched before? (Select all that apply, if other please specify) - Other - Text","Which video streaming service(s) do you currently subscribe to?  (Select all that apply, if other please specify) - Selected Choice","Which video streaming service(s) do you currently subscribe to?  (Select all that apply, if other please specify) - Other - Text",Which video streaming service do you like the best? (If other please specify) - Selected Choice,Which video streaming service do you like the best? (If other please specify) - Other - Text,Who do you usually watch with? (Select all that apply),"Which device(s) do you usually use to watch streaming services? (Select all that apply, if other please specify) - Selected Choice","Which device(s) do you usually use to watch streaming services? (Select all that apply, if other please specify) - Other - Text",How much money do you spend on streaming services per month? - $ per Month,Please rate your preference for different genres of movies/tv series: 1 = Do not prefer and 5 = Prefer a great deal - Action and Adventure,Please rate your preference for different genres of movies/tv series: 1 = Do not prefer and 5 = Prefer a great deal - Comedy,Please rate your preference for different genres of movies/tv series: 1 = Do not prefer and 5 = Prefer a great deal - Fantasy,Please rate your preference for different genres of movies/tv series: 1 = Do not prefer and 5 = Prefer a great deal - Horror,Please rate your preference for different genres of movies/tv series: 1 = Do not prefer and 5 = Prefer a great deal - Mystery,Please rate your preference for different genres of movies/tv series: 1 = Do not prefer and 5 = Prefer a great deal - Drama,Please rate your preference for different genres of movies/tv series: 1 = Do not prefer and 5 = Prefer a great deal - Romance,Please rate your preference for different genres of movies/tv series: 1 = Do not prefer and 5 = Prefer a great deal - Science Fiction,Please rate your preference for different genres of movies/tv series: 1 = Do not prefer and 5 = Prefer a great deal - Reality Shows,Please rate your preference for different genres of movies/tv series: 1 = Do not prefer and 5 = Prefer a great deal - Docudrama/ Documentaries,How important are these factors to you when deciding to subscribe to streaming services: 1 = Not at all important and 5 = Extremely important - A large number of movies I like,How important are these factors to you when deciding to subscribe to streaming services: 1 = Not at all important and 5 = Extremely important - A large number of TV series I like,How important are these factors to you when deciding to subscribe to streaming services: 1 = Not at all important and 5 = Extremely important - Price of subscription,How important are these factors to you when deciding to subscribe to streaming services: 1 = Not at all important and 5 = Extremely important - Video quality,How important are these factors to you when deciding to subscribe to streaming services: 1 = Not at all important and 5 = Extremely important - Subtitles Quality (legible subtitles and subtitle customization options),How important are these factors to you when deciding to subscribe to streaming services: 1 = Not at all important and 5 = Extremely important - Quality of recommendation system,How important are these factors to you when deciding to subscribe to streaming services: 1 = Not at all important and 5 = Extremely important - Ad-free experience,How important are these factors to you when deciding to subscribe to streaming services: 1 = Not at all important and 5 = Extremely important - Number of devices allowed to watch at the same time,"How important are these factors to you when deciding to subscribe to streaming services: 1 = Not at all important and 5 = Extremely important - Cross-device compatibility (able to use between different operating systems and types of devices (Phones, Tablets, Personal computers, etc.))",How important are these factors to you when deciding to subscribe to streaming services: 1 = Not at all important and 5 = Extremely important - User Interface (easy to navigate/search),How important are these factors to you when deciding to subscribe to streaming services: 1 = Not at all important and 5 = Extremely important - Contents accessibility for specific regions (ex: Harry Potter movies are only accessible in German Netflix),How important are these factors to you when deciding to subscribe to streaming services: 1 = Not at all important and 5 = Extremely important - Original content,Please rate your perception of A Large Number of Movies I Like at each of the following streaming services: 1 = Terrible and 5 = Excellent - Netflix,Please rate your perception of A Large Number of Movies I Like at each of the following streaming services: 1 = Terrible and 5 = Excellent - Hulu,Please rate your perception of A Large Number of Movies I Like at each of the following streaming services: 1 = Terrible and 5 = Excellent - Amazon Prime Video,Please rate your perception of A Large Number of Movies I Like at each of the following streaming services: 1 = Terrible and 5 = Excellent - HBO Max,Please rate your perception of A Large Number of Movies I Like at each of the following streaming services: 1 = Terrible and 5 = Excellent - Peacock,Please rate your perception of A Large Number of Movies I Like at each of the following streaming services: 1 = Terrible and 5 = Excellent - Disney+,Please rate your perception of A Large Number of Movies I Like at each of the following streaming services: 1 = Terrible and 5 = Excellent - Paramount Plus,Please rate your perception of A Large Number of Movies I Like at each of the following streaming services: 1 = Terrible and 5 = Excellent - AppleTV+,Please rate your perception of A Large Number of TV series I Like at each of the following streaming services: 1 = Terrible and 5 = Excellent - Netflix,Please rate your perception of A Large Number of TV series I Like at each of the following streaming services: 1 = Terrible and 5 = Excellent - Hulu,Please rate your perception of A Large Number of TV series I Like at each of the following streaming services: 1 = Terrible and 5 = Excellent - Amazon Prime Video,Please rate your perception of A Large Number of TV series I Like at each of the following streaming services: 1 = Terrible and 5 = Excellent - HBO Max,Please rate your perception of A Large Number of TV series I Like at each of the following streaming services: 1 = Terrible and 5 = Excellent - Peacock,Please rate your perception of A Large Number of TV series I Like at each of the following streaming services: 1 = Terrible and 5 = Excellent - Disney+,Please rate your perception of A Large Number of TV series I Like at each of the following streaming services: 1 = Terrible and 5 = Excellent - Paramount Plus,Please rate your perception of A Large Number of TV series I Like at each of the following streaming services: 1 = Terrible and 5 = Excellent - AppleTV+,Please rate your perception of Price of Subscription at each of the following streaming services: 1 = Terrible and 5 = Excellent - Netflix,Please rate your perception of Price of Subscription at each of the following streaming services: 1 = Terrible and 5 = Excellent - Hulu,Please rate your perception of Price of Subscription at each of the following streaming services: 1 = Terrible and 5 = Excellent - Amazon Prime Video,Please rate your perception of Price of Subscription at each of the following streaming services: 1 = Terrible and 5 = Excellent - HBO Max,Please rate your perception of Price of Subscription at each of the following streaming services: 1 = Terrible and 5 = Excellent - Peacock,Please rate your perception of Price of Subscription at each of the following streaming services: 1 = Terrible and 5 = Excellent - Disney+,Please rate your perception of Price of Subscription at each of the following streaming services: 1 = Terrible and 5 = Excellent - Paramount Plus,Please rate your perception of Price of Subscription at each of the following streaming services: 1 = Terrible and 5 = Excellent - AppleTV+,Please rate your perception of Video Quality at each of the following streaming services: 1 = Terrible and 5 = Excellent - Netflix,Please rate your perception of Video Quality at each of the following streaming services: 1 = Terrible and 5 = Excellent - Hulu,Please rate your perception of Video Quality at each of the following streaming services: 1 = Terrible and 5 = Excellent - Amazon Prime Video,Please rate your perception of Video Quality at each of the following streaming services: 1 = Terrible and 5 = Excellent - HBO Max,Please rate your perception of Video Quality at each of the following streaming services: 1 = Terrible and 5 = Excellent - Peacock,Please rate your perception of Video Quality at each of the following streaming services: 1 = Terrible and 5 = Excellent - Disney+,Please rate your perception of Video Quality at each of the following streaming services: 1 = Terrible and 5 = Excellent - Paramount Plus,Please rate your perception of Video Quality at each of the following streaming services: 1 = Terrible and 5 = Excellent - AppleTV+,Please rate your perception of Subtitle Quality at each of the following streaming services: 1 = Terrible and 5 = Excellent - Netflix,Please rate your perception of Subtitle Quality at each of the following streaming services: 1 = Terrible and 5 = Excellent - Hulu,Please rate your perception of Subtitle Quality at each of the following streaming services: 1 = Terrible and 5 = Excellent - Amazon Prime Video,Please rate your perception of Subtitle Quality at each of the following streaming services: 1 = Terrible and 5 = Excellent - HBO Max,Please rate your perception of Subtitle Quality at each of the following streaming services: 1 = Terrible and 5 = Excellent - Peacock,Please rate your perception of Subtitle Quality at each of the following streaming services: 1 = Terrible and 5 = Excellent - Disney+,Please rate your perception of Subtitle Quality at each of the following streaming services: 1 = Terrible and 5 = Excellent - Paramount Plus,Please rate your perception of Subtitle Quality at each of the following streaming services: 1 = Terrible and 5 = Excellent - AppleTV+,Please rate your perception of Recommendation System Quality at each of the following streaming services: 1 = Terrible and 5 = Excellent - Netflix,Please rate your perception of Recommendation System Quality at each of the following streaming services: 1 = Terrible and 5 = Excellent - Hulu,Please rate your perception of Recommendation System Quality at each of the following streaming services: 1 = Terrible and 5 = Excellent - Amazon Prime Video,Please rate your perception of Recommendation System Quality at each of the following streaming services: 1 = Terrible and 5 = Excellent - HBO Max,Please rate your perception of Recommendation System Quality at each of the following streaming services: 1 = Terrible and 5 = Excellent - Peacock,Please rate your perception of Recommendation System Quality at each of the following streaming services: 1 = Terrible and 5 = Excellent - Disney+,Please rate your perception of Recommendation System Quality at each of the following streaming services: 1 = Terrible and 5 = Excellent - Paramount Plus,Please rate your perception of Recommendation System Quality at each of the following streaming services: 1 = Terrible and 5 = Excellent - AppleTV+,Please rate your perception of Ad-free Experience at each of the following streaming services: 1 = Terrible and 5 = Excellent - Netflix,Please rate your perception of Ad-free Experience at each of the following streaming services: 1 = Terrible and 5 = Excellent - Hulu,Please rate your perception of Ad-free Experience at each of the following streaming services: 1 = Terrible and 5 = Excellent - Amazon Prime Video,Please rate your perception of Ad-free Experience at each of the following streaming services: 1 = Terrible and 5 = Excellent - HBO Max,Please rate your perception of Ad-free Experience at each of the following streaming services: 1 = Terrible and 5 = Excellent - Peacock,Please rate your perception of Ad-free Experience at each of the following streaming services: 1 = Terrible and 5 = Excellent - Disney+,Please rate your perception of Ad-free Experience at each of the following streaming services: 1 = Terrible and 5 = Excellent - Paramount Plus,Please rate your perception of Ad-free Experience at each of the following streaming services: 1 = Terrible and 5 = Excellent - AppleTV+,Please rate your perception of Number of Devices Allowed to watch at the Same Time at each of the following streaming services: 1 = Terrible and 5 = Excellent - Netflix,Please rate your perception of Number of Devices Allowed to watch at the Same Time at each of the following streaming services: 1 = Terrible and 5 = Excellent - Hulu,Please rate your perception of Number of Devices Allowed to watch at the Same Time at each of the following streaming services: 1 = Terrible and 5 = Excellent - Amazon Prime Video,Please rate your perception of Number of Devices Allowed to watch at the Same Time at each of the following streaming services: 1 = Terrible and 5 = Excellent - HBO Max,Please rate your perception of Number of Devices Allowed to watch at the Same Time at each of the following streaming services: 1 = Terrible and 5 = Excellent - Peacock,Please rate your perception of Number of Devices Allowed to watch at the Same Time at each of the following streaming services: 1 = Terrible and 5 = Excellent - Disney+,Please rate your perception of Number of Devices Allowed to watch at the Same Time at each of the following streaming services: 1 = Terrible and 5 = Excellent - Paramount Plus,Please rate your perception of Number of Devices Allowed to watch at the Same Time at each of the following streaming services: 1 = Terrible and 5 = Excellent - AppleTV+,Please rate your perception of Cross-device Compatibility at each of the following streaming services: 1 = Terrible and 5 = Excellent - Netflix,Please rate your perception of Cross-device Compatibility at each of the following streaming services: 1 = Terrible and 5 = Excellent - Hulu,Please rate your perception of Cross-device Compatibility at each of the following streaming services: 1 = Terrible and 5 = Excellent - Amazon Prime Video,Please rate your perception of Cross-device Compatibility at each of the following streaming services: 1 = Terrible and 5 = Excellent - HBO Max,Please rate your perception of Cross-device Compatibility at each of the following streaming services: 1 = Terrible and 5 = Excellent - Peacock,Please rate your perception of Cross-device Compatibility at each of the following streaming services: 1 = Terrible and 5 = Excellent - Disney+,Please rate your perception of Cross-device Compatibility at each of the following streaming services: 1 = Terrible and 5 = Excellent - Paramount Plus,Please rate your perception of Cross-device Compatibility at each of the following streaming services: 1 = Terrible and 5 = Excellent - AppleTV+,Please rate your perception of User Interface at each of the following streaming services: 1 = Terrible and 5 = Excellent - Netflix,Please rate your perception of User Interface at each of the following streaming services: 1 = Terrible and 5 = Excellent - Hulu,Please rate your perception of User Interface at each of the following streaming services: 1 = Terrible and 5 = Excellent - Amazon Prime Video,Please rate your perception of User Interface at each of the following streaming services: 1 = Terrible and 5 = Excellent - HBO Max,Please rate your perception of User Interface at each of the following streaming services: 1 = Terrible and 5 = Excellent - Peacock,Please rate your perception of User Interface at each of the following streaming services: 1 = Terrible and 5 = Excellent - Disney+,Please rate your perception of User Interface at each of the following streaming services: 1 = Terrible and 5 = Excellent - Paramount Plus,Please rate your perception of User Interface at each of the following streaming services: 1 = Terrible and 5 = Excellent - AppleTV+,Please rate your perception of Contents Accessibility for Specific Regions at each of the following streaming services: 1 = Terrible and 5 = Excellent - Netflix,Please rate your perception of Contents Accessibility for Specific Regions at each of the following streaming services: 1 = Terrible and 5 = Excellent - Hulu,Please rate your perception of Contents Accessibility for Specific Regions at each of the following streaming services: 1 = Terrible and 5 = Excellent - Amazon Prime Video,Please rate your perception of Contents Accessibility for Specific Regions at each of the following streaming services: 1 = Terrible and 5 = Excellent - HBO Max,Please rate your perception of Contents Accessibility for Specific Regions at each of the following streaming services: 1 = Terrible and 5 = Excellent - Peacock,Please rate your perception of Contents Accessibility for Specific Regions at each of the following streaming services: 1 = Terrible and 5 = Excellent - Disney+,Please rate your perception of Contents Accessibility for Specific Regions at each of the following streaming services: 1 = Terrible and 5 = Excellent - Paramount Plus,Please rate your perception of Contents Accessibility for Specific Regions at each of the following streaming services: 1 = Terrible and 5 = Excellent - AppleTV+,Please rate your perception of Original Content at each of the following streaming services: 1 = Terrible and 5 = Excellent - Netflix,Please rate your perception of Original Content at each of the following streaming services: 1 = Terrible and 5 = Excellent - Hulu,Please rate your perception of Original Content at each of the following streaming services: 1 = Terrible and 5 = Excellent - Amazon Prime Video,Please rate your perception of Original Content at each of the following streaming services: 1 = Terrible and 5 = Excellent - HBO Max,Please rate your perception of Original Content at each of the following streaming services: 1 = Terrible and 5 = Excellent - Peacock,Please rate your perception of Original Content at each of the following streaming services: 1 = Terrible and 5 = Excellent - Disney+,Please rate your perception of Original Content at each of the following streaming services: 1 = Terrible and 5 = Excellent - Paramount Plus,Please rate your perception of Original Content at each of the following streaming services: 1 = Terrible and 5 = Excellent - AppleTV+,Are you currently a Netflix subscriber?,How long have you been subscribing to Netflix?,How much time do you spend on Netflix per week?,How will you rate your experience on Netflix: 1 = Extremely Dissatisfied and 5 = Extremely satisfied,How likely are you going to recommend Netflix to your friend: 1 = Not at all likely  and 10 = Extremely Likely,"Over the next 3 months, how likely are you going to continue subscribing to Netflix: 1 = Not at all likely  and 5 = Extremely Likely","Over the next 3 months, how likely are you going to cancel the subscription to Netflix: 1 = Not at all likely  and 5 = Extremely Likely",Have you subscribed before?,How long did you subscribe to Netflix?,How much time do you spend on Netflix per week?,How will you rate your experience on Netflix: 1 = Extremely Dissatisfied and 5 = Extremely satisfied,How likely are you going to recommend Netflix to your friend: 1 = Not at all likely and 10 = Extremely Likely,"Over the next 3 months, how likely are you going to resubscribe Netflix: 1 = Not at all likely  and 5 = Extremely Likely",What will make you decide to resubscribe again in the next 3 months?,What is the highest price you're willing to pay for the Netflix “Basic with Ads” plan? - Highest Price,Please select your age,Please select your gender,What is your personal monthly income?,What is your current education level?,Which of the following best describes your current marital status?
"{""ImportId"":""startDate"",""timeZone"":""America/Los_Angeles""}","{""ImportId"":""endDate"",""timeZone"":""America/Los_Angeles""}","{""ImportId"":""status""}","{""ImportId"":""ipAddress""}","{""ImportId"":""progress""}","{""ImportId"":""duration""}","{""ImportId"":""finished""}","{""ImportId"":""recordedDate"",""timeZone"":""America/Los_Angeles""}","{""ImportId"":""_recordId""}","{""ImportId"":""recipientLastName""}","{""ImportId"":""recipientFirstName""}","{""ImportId"":""recipientEmail""}","{""ImportId"":""externalDataReference""}","{""ImportId"":""locationLatitude""}","{""ImportId"":""locationLongitude""}","{""ImportId"":""distributionChannel""}","{""ImportId"":""userLanguage""}","{""ImportId"":""Q_RecaptchaScore""}","{""ImportId"":""QID1_4""}","{""ImportId"":""QID2""}","{""ImportId"":""QID52""}","{""ImportId"":""QID52_9_TEXT""}","{""ImportId"":""QID3""}","{""ImportId"":""QID3_9_TEXT""}","{""ImportId"":""QID4""}","{""ImportId"":""QID4_9_TEXT""}","{""ImportId"":""QID5""}","{""ImportId"":""QID6""}","{""ImportId"":""QID6_6_TEXT""}","{""ImportId"":""QID7_1""}","{""ImportId"":""QID8_1""}","{""ImportId"":""QID8_2""}","{""ImportId"":""QID8_3""}","{""ImportId"":""QID8_4""}","{""ImportId"":""QID8_5""}","{""ImportId"":""QID8_6""}","{""ImportId"":""QID8_7""}","{""ImportId"":""QID8_8""}","{""ImportId"":""QID8_9""}","{""ImportId"":""QID8_10""}","{""ImportId"":""QID9_1""}","{""ImportId"":""QID9_2""}","{""ImportId"":""QID9_3""}","{""ImportId"":""QID9_4""}","{""ImportId"":""QID9_5""}","{""ImportId"":""QID9_6""}","{""ImportId"":""QID9_7""}","{""ImportId"":""QID9_8""}","{""ImportId"":""QID9_9""}","{""ImportId"":""QID9_10""}","{""ImportId"":""QID9_11""}","{""ImportId"":""QID9_12""}","{""ImportId"":""QID11_1""}","{""ImportId"":""QID11_2""}","{""ImportId"":""QID11_3""}","{""ImportId"":""QID11_4""}","{""ImportId"":""QID11_5""}","{""ImportId"":""QID11_6""}","{""ImportId"":""QID11_7""}","{""ImportId"":""QID11_8""}","{""ImportId"":""QID12_1""}","{""ImportId"":""QID12_2""}","{""ImportId"":""QID12_3""}","{""ImportId"":""QID12_4""}","{""ImportId"":""QID12_5""}","{""ImportId"":""QID12_6""}","{""ImportId"":""QID12_7""}","{""ImportId"":""QID12_8""}","{""ImportId"":""QID13_1""}","{""ImportId"":""QID13_2""}","{""ImportId"":""QID13_3""}","{""ImportId"":""QID13_4""}","{""ImportId"":""QID13_5""}","{""ImportId"":""QID13_6""}","{""ImportId"":""QID13_7""}","{""ImportId"":""QID13_8""}","{""ImportId"":""QID15_1""}","{""ImportId"":""QID15_2""}","{""ImportId"":""QID15_3""}","{""ImportId"":""QID15_4""}","{""ImportId"":""QID15_5""}","{""ImportId"":""QID15_6""}","{""ImportId"":""QID15_7""}","{""ImportId"":""QID15_8""}","{""ImportId"":""QID16_1""}","{""ImportId"":""QID16_2""}","{""ImportId"":""QID16_3""}","{""ImportId"":""QID16_4""}","{""ImportId"":""QID16_5""}","{""ImportId"":""QID16_6""}","{""ImportId"":""QID16_7""}","{""ImportId"":""QID16_8""}","{""ImportId"":""QID17_1""}","{""ImportId"":""QID17_2""}","{""ImportId"":""QID17_3""}","{""ImportId"":""QID17_4""}","{""ImportId"":""QID17_5""}","{""ImportId"":""QID17_6""}","{""ImportId"":""QID17_7""}","{""ImportId"":""QID17_8""}","{""ImportId"":""QID18_1""}","{""ImportId"":""QID18_2""}","{""ImportId"":""QID18_3""}","{""ImportId"":""QID18_4""}","{""ImportId"":""QID18_5""}","{""ImportId"":""QID18_6""}","{""ImportId"":""QID18_7""}","{""ImportId"":""QID18_8""}","{""ImportId"":""QID19_1""}","{""ImportId"":""QID19_2""}","{""ImportId"":""QID19_3""}","{""ImportId"":""QID19_4""}","{""ImportId"":""QID19_5""}","{""ImportId"":""QID19_6""}","{""ImportId"":""QID19_7""}","{""ImportId"":""QID19_8""}","{""ImportId"":""QID20_1""}","{""ImportId"":""QID20_2""}","{""ImportId"":""QID20_3""}","{""ImportId"":""QID20_4""}","{""ImportId"":""QID20_5""}","{""ImportId"":""QID20_6""}","{""ImportId"":""QID20_7""}","{""ImportId"":""QID20_8""}","{""ImportId"":""QID21_1""}","{""ImportId"":""QID21_2""}","{""ImportId"":""QID21_3""}","{""ImportId"":""QID21_4""}","{""ImportId"":""QID21_5""}","{""ImportId"":""QID21_6""}","{""ImportId"":""QID21_7""}","{""ImportId"":""QID21_8""}","{""ImportId"":""QID22_1""}","{""ImportId"":""QID22_2""}","{""ImportId"":""QID22_3""}","{""ImportId"":""QID22_4""}","{""ImportId"":""QID22_5""}","{""ImportId"":""QID22_6""}","{""ImportId"":""QID22_7""}","{""ImportId"":""QID22_8""}","{""ImportId"":""QID23_1""}","{""ImportId"":""QID23_2""}","{""ImportId"":""QID23_3""}","{""ImportId"":""QID23_4""}","{""ImportId"":""QID23_5""}","{""ImportId"":""QID23_6""}","{""ImportId"":""QID23_7""}","{""ImportId"":""QID23_8""}","{""ImportId"":""QID24""}","{""ImportId"":""QID25""}","{""ImportId"":""QID26""}","{""ImportId"":""QID27""}","{""ImportId"":""QID28""}","{""ImportId"":""QID29""}","{""ImportId"":""QID31""}","{""ImportId"":""QID32""}","{""ImportId"":""QID33""}","{""ImportId"":""QID34""}","{""ImportId"":""QID35""}","{""ImportId"":""QID36""}","{""ImportId"":""QID38""}","{""ImportId"":""QID39""}","{""ImportId"":""QID42_1""}","{""ImportId"":""QID44""}","{""ImportId"":""QID45""}","{""ImportId"":""QID46""}","{""ImportId"":""QID47""}","{""ImportId"":""QID48""}"
2022-11-02 14:55:27,2022-11-02 15:01:59,IP Address,76.175.123.19,100,392,True,2022-11-02 15:02:01,R_2rpYWwMIsbOqtJr,,,,,34.0322,-118.2836,anonymous,EN,0.8999999761581421,22,5+ times per week,"Netflix,Amazon Prime Video,HBO Max",,"Netflix,Amazon Prime Video,HBO Max",,Netflix,,Watch alone,"Laptop,Phone,Tablet",,15,4,4,5,1,4,5,5,3,4,1,4,4,5,4,2,2,5,2,3,4,2,5,3,3,3,3,3,3,3,3,4,3,4,4,3,3,3,3,2,3,4,5,3,3,3,3,4,4,4,4,4,4,4,4,4,3,3,3,3,3,3,3,4,3,3,3,3,3,3,3,5,5,5,5,5,5,5,5,4,4,4,4,4,4,4,4,3,4,4,4,4,4,4,4,4,4,4,4,4,4,4,4,4,4,4,4,4,4,4,4,4,3,4,3,3,3,3,3,Yes,1-2 years,3-5 hours,4,6,2,4,,,,,,,,3,18 - 24,Female,"Less than $1,000",Master,Single
2022-11-02 16:44:19,2022-11-02 18:06:43,IP Address,172.58.27.197,100,4943,True,2022-11-02 18:06:43,R_yx959UlfQClm00x,,,,,34.0544,-118.244,anonymous,EN,1,10,3-5 times per week,"Netflix,HBO Max",,Netflix,,Netflix,,Watch alone,"Laptop,Phone",,6,5,5,4,3,3,4,5,2,4,3,5,5,4,5,4,4,5,4,4,4,4,4,5,4,3,4,3,3,3,3,5,4,3,3,3,3,3,3,3,3,3,3,3,3,3,3,5,4,4,4,4,4,4,3,4,4,3,4,3,4,4,4,5,5,4,4,4,4,4,3,5,5,4,4,4,4,4,3,4,4,4,4,3,3,4,3,4,4,4,4,4,4,4,4,4,4,4,4,3,4,4,4,4,4,4,4,4,4,4,4,4,4,3,4,3,4,3,3,No,,,,,,,No,,,,,,,0,18 - 24,Female,"Less than $1,000",Master,Single
2022-11-02 18:27:43,2022-11-02 18:35:27,IP Address,71.154.157.203,100,464,True,2022-11-02 18:35:28,R_vUG6hgWpQZewdr3,,,,,34.0313,-118.3124,anonymous,EN,1,2,1-2 times per week,"Netflix,HBO Max,Disney+",,HBO Max,,Netflix,,Watch alone,Laptop,,10,4,4,5,1,3,5,5,3,4,3,3,5,5,4,5,4,5,3,3,3,4,4,4,4,4,3,2,4,2,2,5,3,3,3,2,4,2,2,2,3,3,3,3,3,3,2,5,4,3,4,3,4,3,4,5,3,3,3,3,4,3,4,4,3,3,3,3,4,3,2,5,3,3,3,3,4,3,5,3,3,3,3,3,3,3,2,4,4,4,4,4,4,3,3,4,3,3,3,3,4,3,3,5,2,2,2,2,3,3,2,5,3,3,3,3,4,2,4,No,,,,,,,Yes,Less than 3 months,3-5 hours,4,8,2,Launch new tv series,3,18 - 24,Female,"$1,000 - $2,999",Master,Single
2022-11-02 21:41:04,2022-11-02 21:47:01,IP Address,99.167.86.77,100,357,True,2022-11-02 21:47:02,R_2uslY4vnEpvkoCV,,,,,34.029,-118.4005,anonymous,EN,1,6,3-5 times per week,"Netflix,Hulu,Amazon Prime Video",,Netflix,,Hulu,,"Watch alone,Watch with friends,Watch with family,Watch with significant others/partner","TV,Phone,Projector",,4,3,3,3,3,4,4,4,3,4,3,3,4,5,3,3,4,5,4,5,5,5,5,4,3,4,4,4,3,3,3,3,4,3,3,3,3,3,3,2,3,3,3,3,3,3,4,5,5,5,5,5,5,4,5,5,4,3,3,3,3,3,3,4,4,3,3,3,3,3,3,3,3,3,4,3,3,3,3,4,4,3,3,3,3,3,3,3,3,3,3,3,3,3,3,2,3,3,3,3,3,3,2,3,3,2,2,2,2,2,2,4,4,3,3,3,3,3,3,Yes,More than 2 years,1-3 hours,4,6,4,2,,,,,,,,2,25 - 34,Female,"Less than $1,000",Master,In a Relationship
2022-11-02 21:44:57,2022-11-02 21:47:27,IP Address,99.167.86.77,100,150,True,2022-11-02 21:47:28,R_qDGdZaV5ray3OYF,,,,,34.029,-118.4005,anonymous,EN,0.8999999761581421,14,3-5 times per week,Hulu,,Hulu,,Hulu,,Watch with family,Phone,,25,4,3,2,1,1,1,2,5,3,3,3,2,2,2,2,3,3,2,4,3,2,3,5,4,3,2,2,4,4,2,3,4,5,5,4,4,3,3,4,2,2,3,3,3,3,4,3,4,4,3,3,3,2,2,1,4,2,4,3,3,3,4,4,4,5,4,4,5,4,3,3,4,3,2,5,4,3,5,4,3,3,1,4,4,3,2,5,5,3,2,2,2,4,4,3,5,4,4,4,4,3,2,2,4,3,3,3,3,4,4,3,4,4,3,3,2,2,2,No,,,,,,,No,,,,,,,6,55 - 64,Female,"$1,000 - $2,999",Bachelor,In a Relationship
2022-11-02 22:09:30,2022-11-02 22:14:56,IP Address,71.136.232.88,100,325,True,2022-11-02 22:14:56,R_1JVq61ZOMxXpQh1,,,,,34.0544,-118.244,anonymous,EN,1,1,1-2 times per week,HBO Max,,HBO Max,,Netflix,,Watch alone,Laptop,,10,4,5,2,1,2,5,4,3,1,1,4,4,5,3,1,1,3,2,4,5,5,2,4,2,3,4,2,2,3,3,4,3,2,4,3,2,2,3,1,4,3,4,5,3,2,3,5,4,3,4,3,2,2,3,4,4,3,3,3,2,3,4,5,4,4,4,2,2,2,4,5,4,4,4,2,3,3,3,2,3,4,3,4,4,4,2,5,5,5,5,4,4,3,2,5,4,4,4,3,4,4,4,4,4,4,4,3,3,2,3,5,5,4,4,2,5,3,2,No,,,,,,,No,,,,,,,5,25 - 34,Female,"Less than $1,000",Master,Single
2022-11-02 22:11:16,2022-11-02 22:19:10,IP Address,76.175.116.134,100,474,True,2022-11-02 22:19:10,R_10pGNu8MsjVPvo5,,,,,34.0068,-118.256,qr,EN,0.8999999761581421,9,1-2 times per week,"Netflix,Hulu,Amazon Prime Video,HBO Max,Disney+,AppleTV+",,AppleTV+,,AppleTV+,,Watch alone,"Laptop,Tablet",,8,5,3,3,4,5,4,4,2,2,2,5,5,3,3,2,3,4,3,4,4,3,4,4,3,3,3,1,2,1,4,3,3,2,3,1,3,1,4,2,1,2,2,2,2,2,2,3,3,3,3,3,3,3,3,3,3,3,3,3,3,3,3,3,3,3,3,3,3,3,3,3,3,3,3,3,3,3,3,3,3,3,3,3,3,3,3,3,3,3,3,3,3,3,3,3,2,2,4,1,3,1,4,3,3,3,3,3,3,3,3,4,4,3,4,1,1,1,4,No,,,,,,,No,,,,,,,5,18 - 24,Female,"Less than $1,000",Master,Single
2022-11-02 22:13:42,2022-11-02 22:25:42,IP Address,207.151.52.226,100,720,True,2022-11-02 22:25:43,R_wY03N3r7OE4hsyt,,,,,34.0322,-118.2836,anonymous,EN,1,4,3-5 times per week,Netflix,,"Netflix,HBO Max",,Netflix,,"Watch alone,Watch with significant others/partner","Laptop,Phone",,4,4,5,3,1,4,4,4,3,5,2,5,5,5,4,4,2,5,2,5,4,4,3,4,3,4,3,4,5,3,3,3,4,2,2,4,5,3,3,4,3,5,3,3,4,3,3,5,4,4,4,4,4,4,4,4,4,4,4,4,4,4,4,4,4,4,4,4,4,4,4,5,5,5,4,5,5,5,5,4,4,4,4,4,4,4,4,5,5,5,5,5,5,5,5,5,4,2,2,4,4,4,5,2,4,2,3,4,5,4,4,5,4,2,5,3,5,3,4,Yes,More than 2 years,1-3 hours,4,7,5,2,,,,,,,,0,18 - 24,Female,"Less than $1,000",Master,In a Relationship
2022-11-02 22:36:56,2022-11-02 22:43:22,IP Address,61.220.20.106,100,386,True,2022-11-02 22:43:23,R_yyztvzUjNjkthLz,,,,,24.9466,121.586,qr,EN,0.800000011920929,8,5+ times per week,"Netflix,HBO Max",,None,,Netflix,,"Watch with friends,Watch with family",Laptop,,2,5,5,4,3,3,5,5,3,4,2,4,4,4,5,3,2,3,5,4,4,4,3,5,3,4,4,2,2,2,4,5,4,3,4,2,3,3,3,3,3,4,4,3,3,2,2,5,5,5,5,3,4,4,4,5,4,4,4,4,4,3,3,5,4,4,3,3,4,3,3,5,5,5,5,5,5,5,4,5,4,4,4,4,3,4,4,5,4,4,4,3,3,5,4,5,4,4,4,4,2,3,5,5,5,5,5,5,5,5,5,4,5,5,5,3,4,3,5,No,,,,,,,Yes,Less than 3 months,5-7 hours,4,9,4,Promotion code,7,25 - 34,Female,"$1,000 - $2,999",Bachelor,In a Relationship
2022-11-02 22:34:23,2022-11-02 22:43:59,IP Address,23.227.240.26,100,575,True,2022-11-02 22:44:00,R_wXcCvEcWFrpj4zv,,,,,34.0614,-118.3072,qr,EN,0.8999999761581421,35,5+ times per week,Netflix,,Netflix,,Netflix,,Watch alone,"Laptop,Tablet",,31,3,4,4,1,3,5,5,2,4,2,4,5,5,5,3,3,4,4,4,5,5,3,5,3,3,3,3,3,3,3,5,3,3,3,3,3,3,3,4,3,3,3,3,3,3,3,5,3,3,3,3,3,3,3,5,3,3,3,3,3,3,3,4,3,3,3,3,3,3,3,5,3,3,3,3,3,3,3,5,3,3,3,3,3,3,3,5,3,3,3,3,3,3,3,5,3,3,3,3,3,3,3,5,3,3,3,3,3,3,3,5,3,3,3,3,3,3,3,Yes,1-2 years,More than 7 hours,5,8,5,1,,,,,,,,10,18 - 24,Female,"Less than $1,000",Master,Single
2022-11-02 22:37:34,2022-11-02 22:44:02,IP Address,75.54.114.151,100,387,True,2022-11-02 22:44:02,R_1n6AV5kqeGSzDpP,,,,,34.0313,-118.3124,qr,EN,0.800000011920929,3,1-2 times per week,Netflix,,None,,Netflix,,"Watch alone,Watch with friends","TV,Laptop",,0,2,5,3,2,2,5,3,4,3,3,5,5,5,5,5,5,5,5,5,5,5,3,5,3,3,3,3,3,3,3,3,3,3,3,3,3,3,3,3,3,3,3,3,3,3,3,3,3,3,3,3,3,2,3,3,3,3,3,3,3,3,3,5,3,3,3,3,3,3,3,3,3,3,3,3,3,3,3,3,3,3,3,3,3,3,3,3,3,3,3,3,3,3,3,3,3,3,3,3,3,3,3,3,3,3,3,3,3,3,3,3,3,3,3,3,3,3,3,No,,,,,,,No,,,,,,,5,25 - 34,Male,"Less than $1,000",Master,Single
2022-11-02 22:22:20,2022-11-02 22:56:26,IP Address,104.32.175.171,100,2045,True,2022-11-02 22:56:26,R_qI30wjY4jhoHYfD,,,,,34.0068,-118.256,anonymous,EN,1,5,5+ times per week,"Netflix,HBO Max",,"Netflix,HBO Max",,Netflix,,Watch alone,"Laptop,Phone",,10,5,5,3,4,4,3,3,4,5,5,4,2,5,5,4,3,5,3,5,4,5,5,5,3,4,5,3,4,4,3,5,3,5,4,3,2,3,2,5,3,4,5,3,3,3,3,5,5,5,5,5,5,5,5,5,3,4,5,3,3,4,3,5,3,4,5,3,3,3,3,5,4,3,5,3,3,3,3,4,3,5,5,3,3,3,3,5,4,5,5,3,4,4,5,5,4,4,5,4,4,4,5,4,3,5,5,3,5,4,5,5,5,5,5,4,5,5,4,Yes,More than 2 years,3-5 hours,5,10,5,1,,,,,,,,4,25 - 34,Male,"$1,000 - $2,999",Master,Single
2022-11-02 23:10:20,2022-11-02 23:21:40,IP Address,76.175.116.129,100,680,True,2022-11-02 23:21:41,R_27EvCeiZP0bDS2D,,,,,34.0068,-118.256,anonymous,EN,0.800000011920929,10,3-5 times per week,"Netflix,Hulu,HBO Max,Disney+,AppleTV+,Other","Roku ","Netflix,HBO Max",,Netflix,,"Watch alone,Watch with friends,Watch with family,Watch with significant others/partner","TV,Laptop",,10,3,5,3,1,4,3,4,4,4,3,4,4,4,4,3,4,4,4,3,4,4,4,3,3,3,4,2,4,3,3,3,3,3,4,2,4,3,3,3,3,3,3,3,3,3,3,5,2,3,2,3,3,3,3,4,3,3,3,3,4,3,3,4,2,3,3,3,4,3,3,5,1,3,4,3,3,3,3,5,3,3,4,3,3,3,3,3,3,3,3,3,3,3,3,4,2,3,2,3,3,3,3,3,3,3,3,3,3,3,3,5,5,3,5,3,5,5,3,Yes,1-2 years,Less than 1 hour,3,7,4,2,,,,,,,,5,25 - 34,Female,"Less than $1,000",Master,Single
2022-11-02 23:59:35,2022-11-03 00:02:44,IP Address,162.211.149.100,100,188,True,2022-11-03 00:02:44,R_XnZc0BfEp5cn7Mt,,,,,34.0732,-118.3294,qr,EN,0.8999999761581421,9,1-2 times per week,"Netflix,Hulu",,HBO Max,,HBO Max,,Watch with friends,"Phone,Tablet",,0,3,4,3,3,4,3,3,3,3,3,2,3,3,3,4,4,4,4,4,3,3,4,3,2,2,3,3,3,3,2,3,3,3,3,2,2,3,3,3,3,3,4,2,3,4,4,3,3,3,3,4,4,3,3,3,3,3,3,3,3,2,3,4,3,3,3,2,3,3,3,3,3,3,2,3,4,4,2,3,2,2,2,2,2,3,3,3,3,3,2,3,4,3,2,1,3,3,3,3,3,3,3,3,3,3,3,3,3,2,2,4,3,3,3,3,2,2,3,Yes,Less than 3 months,3-5 hours,2,4,1,1,,,,,,,,6,35 - 44,Non-binary / third gender,"$3,000 - $4,999",Bachelor,In a Relationship
2022-11-03 00:09:06,2022-11-03 00:18:20,IP Address,68.181.16.205,100,553,True,2022-11-03 00:18:20,R_3PmMZHznjsfOMRH,,,,,34.0322,-118.2836,anonymous,EN,1,10,1-2 times per week,Netflix,,"Netflix,HBO Max,Peacock,AppleTV+",,Netflix,,Watch alone,"Laptop,Phone",,3,4,5,3,5,5,3,2,5,3,2,3,3,5,5,5,5,5,3,4,3,4,2,4,4,4,3,3,2,4,3,4,3,4,4,4,3,3,3,2,3,2,5,2,2,3,1,4,4,4,5,4,2,3,4,4,3,3,4,3,4,3,3,5,4,3,2,2,1,4,3,5,3,1,4,1,3,2,1,5,4,4,4,3,4,3,4,5,5,4,4,4,4,3,4,5,3,3,4,2,2,4,2,4,2,2,4,2,3,4,2,5,4,2,5,4,5,3,3,Yes,More than 2 years,1-3 hours,4,10,5,1,,,,,,,,5,25 - 34,Male,"Less than $1,000",Master,In a Relationship
2022-11-03 00:25:21,2022-11-03 00:32:10,IP Address,107.184.89.28,100,408,True,2022-11-03 00:32:10,R_31Z5oHF44F0AIwA,,,,,34.047,-118.275,qr,EN,1,8,5+ times per week,"Netflix,Amazon Prime Video",,"Netflix,Amazon Prime Video",,Netflix,,Watch alone,Tablet,,4,5,5,5,1,2,2,4,5,2,4,5,4,3,5,5,3,3,2,5,3,5,5,5,3,3,3,3,5,5,3,5,3,4,3,3,3,3,3,3,3,3,3,3,3,3,3,4,3,4,3,3,3,3,3,2,2,2,2,2,2,2,2,4,3,3,3,3,3,3,3,3,3,3,3,3,3,3,3,2,3,3,3,3,3,3,3,5,3,5,3,3,3,3,3,3,3,3,3,3,3,3,3,3,3,3,3,3,3,3,3,5,3,2,3,3,3,3,3,Yes,1-2 years,3-5 hours,4,7,5,1,,,,,,,,3,25 - 34,Male,"$5,000 - $6,999",Master,Single
2022-11-03 00:31:20,2022-11-03 00:38:39,IP Address,76.169.82.115,100,439,True,2022-11-03 00:38:40,R_82kAYJXgCVBMhRT,,,,,34.0138,-118.4405,anonymous,EN,0.8999999761581421,20,1-2 times per week,"Netflix,Amazon Prime Video,Disney+,Other",Youtube,"Netflix,Hulu,Disney+",,Other,Youtube,"Watch alone,Watch with friends,Watch with family",TV,,40,5,5,3,1,4,3,3,5,3,2,5,5,5,5,4,5,5,5,5,5,5,5,4,3,3,3,3,4,2,5,5,5,5,5,1,4,1,5,4,1,1,1,1,3,1,1,5,5,5,5,3,5,5,5,4,4,3,3,3,3,3,3,5,5,5,5,5,5,3,5,5,1,1,1,1,5,1,5,5,5,5,3,3,5,3,5,5,5,5,5,5,5,5,5,5,5,5,3,3,1,1,5,3,3,4,3,3,3,3,5,4,3,3,3,3,3,3,3,Yes,More than 2 years,1-3 hours,4,6,4,1,,,,,,,,8,25 - 34,Male,"$1,000 - $2,999",Master,In a Relationship
2022-11-03 05:29:01,2022-11-03 05:37:26,IP Address,172.58.235.81,100,504,True,2022-11-03 05:37:26,R_wTuTKNTQhkmOOd3,,,,,40.7597,-74.1836,qr,EN,1,5,3-5 times per week,"Netflix,Amazon Prime Video",,Netflix,,Netflix,,Watch alone,Laptop,,2,4,5,2,4,1,2,2,1,4,2,4,4,5,4,4,3,4,4,4,4,4,3,4,4,4,4,4,4,4,4,4,4,4,4,4,4,4,4,4,4,4,4,4,4,4,4,4,4,5,4,4,4,4,4,4,4,4,4,4,4,4,4,4,4,4,4,4,4,4,4,4,4,4,4,4,4,4,4,4,4,4,4,4,4,4,4,4,4,4,4,4,4,4,4,4,4,4,4,4,4,4,4,4,4,4,4,4,4,4,4,4,4,4,4,4,4,4,4,Yes,6-12 months,1-3 hours,4,8,4,3,,,,,,,,4,18 - 24,Female,"$1,000 - $2,999",Master,In a Relationship
2022-11-03 09:08:58,2022-11-03 09:15:49,IP Address,76.175.116.129,100,411,True,2022-11-03 09:15:50,R_3haPdbwLN0BIIOq,,,,,34.0068,-118.256,anonymous,EN,1,10,5+ times per week,"Netflix,Hulu,Amazon Prime Video",,Netflix,,Netflix,,"Watch alone,Watch with friends,Watch with significant others/partner",Laptop,,10,3,3,3,2,3,4,3,3,4,2,4,4,3,4,4,4,4,4,4,4,3,3,5,3,2,3,2,3,2,2,5,4,3,3,2,2,2,2,4,4,4,4,4,4,4,4,5,4,4,4,4,4,4,4,4,4,4,4,4,4,4,4,5,4,4,4,4,4,4,4,5,2,3,3,3,3,3,3,4,4,4,4,4,4,4,4,5,4,4,4,4,4,4,4,5,4,4,4,4,4,4,4,4,4,4,4,4,4,4,4,5,3,3,3,3,3,3,3,Yes,More than 2 years,3-5 hours,5,9,5,1,,,,,,,,5,25 - 34,Female,"$1,000 - $2,999",Master,In a Relationship
2022-11-03 09:46:44,2022-11-03 09:51:52,IP Address,68.181.16.181,100,308,True,2022-11-03 09:51:53,R_27HxbLTWPc1IFyO,,,,,34.0322,-118.2836,anonymous,EN,1,7,3-5 times per week,"Netflix,Hulu,HBO Max,Disney+,Peacock,AppleTV+",,"HBO Max,AppleTV+",,AppleTV+,,Watch alone,Laptop,,13,1,4,3,1,3,4,3,3,4,2,5,5,5,5,3,3,5,2,3,3,3,2,4,3,2,4,3,3,3,3,3,3,3,3,3,3,3,3,1,2,2,3,3,1,1,3,5,4,5,5,5,5,5,5,3,3,3,3,3,3,3,3,3,3,3,3,3,3,3,3,3,1,3,3,2,3,3,3,3,3,3,3,3,3,3,3,3,3,3,3,3,3,3,3,3,3,3,3,3,3,3,3,3,3,3,3,3,3,3,3,3,3,3,3,3,3,3,3,No,,,,,,,Yes,3-6 months,Less than 1 hour,3,3,1,Join a family plan,2,25 - 34,Female,"$1,000 - $2,999",Master,In a Relationship
2022-11-03 22:06:04,2022-11-03 22:13:07,IP Address,129.2.180.76,100,423,True,2022-11-03 22:13:08,R_6z2hidrNWrwNBo5,,,,,38.9965,-76.934,qr,EN,1,10,5+ times per week,Other,BiliBili,Other,BiliBili,Other,BiliBili,Watch alone,Laptop,,0,3,4,3,1,3,4,4,3,4,5,5,5,5,3,3,3,3,3,3,3,3,5,3,3,3,3,3,3,3,3,3,3,3,3,3,3,3,3,3,3,3,3,3,3,3,3,3,3,3,3,3,3,3,3,3,3,3,3,3,3,3,3,3,3,3,3,3,3,3,3,3,3,3,3,3,3,3,3,3,3,3,3,3,3,3,3,3,3,3,3,3,3,3,3,3,3,3,3,3,3,3,3,3,3,3,3,3,3,3,3,3,3,3,3,3,3,3,3,No,,,,,,,No,,,,,,,8,18 - 24,Female,"$1,000 - $2,999",PhD,Single
2022-11-04 00:34:46,2022-11-04 00:39:08,IP Address,207.151.52.89,100,262,True,2022-11-04 00:39:09,R_ZmA1zeJgQiVSJln,,,,,34.0322,-118.2836,qr,EN,1,44,5+ times per week,"Netflix,Disney+",,None,,Netflix,,Watch alone,Phone,,0,4,2,3,4,5,4,4,4,4,4,5,5,2,2,2,2,1,2,2,4,3,2,3,1,1,2,1,1,1,2,2,1,1,2,2,1,1,1,2,1,1,1,1,1,1,2,4,1,1,1,1,1,1,1,3,1,1,1,1,1,1,1,3,1,1,1,1,1,1,1,4,1,2,1,1,1,1,1,2,1,2,1,1,1,1,1,3,1,1,1,1,1,1,1,4,1,1,1,1,1,1,1,4,1,1,1,1,1,1,1,5,1,1,1,5,1,1,1,No,,,,,,,No,,,,,,,10,18 - 24,Female,"Less than $1,000",Master,In a Relationship
2022-11-04 20:16:50,2022-11-04 20:26:31,IP Address,99.74.171.244,100,581,True,2022-11-04 20:26:32,R_27ydrEZ0QNBbHXr,,,,,37.4043,-122.0748,qr,EN,0.8999999761581421,1,1-2 times per week,Netflix,,Netflix,,Netflix,,"Watch alone,Watch with friends,Watch with significant others/partner","TV,Laptop",,6,5,5,3,1,2,5,4,4,5,3,4,4,4,3,4,4,5,3,2,4,2,4,4,3,2,3,1,3,1,1,5,4,2,5,1,2,1,1,4,4,4,4,1,4,1,1,5,5,5,5,1,3,1,5,5,3,3,3,3,3,1,3,3,3,3,3,1,3,1,3,5,3,3,3,1,3,1,3,3,3,3,3,1,3,1,3,4,3,3,3,1,3,1,3,5,3,3,3,1,3,1,3,3,3,3,3,1,3,1,3,5,3,3,3,1,3,1,3,Yes,1-2 years,Less than 1 hour,4,9,5,1,,,,,,,,10,25 - 34,Female,"More than $7,000",Master,In a Relationship
2022-11-04 21:38:41,2022-11-04 21:43:01,IP Address,64.136.145.100,100,260,True,2022-11-04 21:43:02,R_2SIZu8XkWD76ArV,,,,,34.0322,-118.2836,qr,EN,0.8999999761581421,50,5+ times per week,"Netflix,Hulu,Amazon Prime Video,HBO Max,Disney+,AppleTV+",,AppleTV+,,Netflix,,Watch alone,"Laptop,Phone",,20,5,5,5,5,5,5,3,5,5,5,5,5,5,5,3,2,2,1,2,3,1,3,4,4,4,4,3,4,2,3,5,5,5,5,3,3,3,3,1,1,1,1,1,1,1,1,3,3,3,3,3,3,3,3,1,1,1,1,1,1,1,1,1,1,1,1,1,1,1,1,1,1,1,1,1,1,1,1,1,1,1,1,1,1,1,1,1,1,1,1,1,1,1,1,1,1,1,1,1,1,1,1,1,1,1,1,1,1,1,1,1,1,1,1,1,1,1,1,No,,,,,,,No,,,,,,,1,18 - 24,Female,"Less than $1,000",Master,Single
2022-11-04 22:00:25,2022-11-04 22:06:17,IP Address,76.175.116.134,100,351,True,2022-11-04 22:06:18,R_12Fs2j5eeouTjmc,,,,,34.0068,-118.256,qr,EN,0.8999999761581421,5,1-2 times per week,"Netflix,Hulu,Amazon Prime Video,HBO Max",,"Amazon Prime Video,HBO Max",,HBO Max,,"Watch alone,Watch with friends",Laptop,,20,4,2,2,1,4,1,1,5,3,5,5,5,5,5,3,3,5,5,4,5,5,5,4,3,4,3,4,4,2,3,3,4,3,5,4,4,3,4,5,4,3,4,2,3,4,3,4,5,2,3,4,4,2,3,3,4,3,4,4,2,5,4,4,4,3,4,4,3,3,4,4,4,3,5,4,3,4,4,4,3,4,3,5,3,4,4,4,4,4,3,4,5,4,4,4,4,4,4,3,4,5,4,3,5,3,4,3,4,3,5,4,3,5,4,4,5,4,5,Yes,Less than 3 months,1-3 hours,4,8,4,4,,,,,,,,10,18 - 24,Female,"$1,000 - $2,999",Master,Single
2022-11-04 22:36:10,2022-11-04 22:45:01,IP Address,107.131.203.243,100,531,True,2022-11-04 22:45:02,R_4VjiOi6SekMIrD3,,,,,34.0614,-118.3072,qr,EN,0.8999999761581421,6,1-2 times per week,Other,Kocowq,"Amazon Prime Video,Other,None",Kocowa,Netflix,,Watch alone,"TV,Laptop",,8,1,4,2,1,2,4,4,1,5,3,4,4,2,4,4,2,5,2,2,2,1,2,4,3,2,3,2,2,2,2,2,2,2,2,2,2,2,2,2,3,3,2,3,2,1,3,3,3,2,3,3,3,3,3,4,4,4,3,3,2,2,3,4,4,4,4,3,3,3,4,3,3,3,3,3,3,3,3,4,4,4,4,4,4,4,4,4,4,4,4,4,4,4,4,3,3,2,2,2,2,2,3,3,3,3,3,3,3,4,3,4,4,2,4,1,3,1,3,No,,,,,,,Yes,Less than 3 months,More than 7 hours,3,6,1,Promotion code,5,25 - 34,Female,"Less than $1,000",Master,Single
2022-11-06 11:12:04,2022-11-06 11:18:59,IP Address,104.32.162.114,100,415,True,2022-11-06 11:18:59,R_SIxtwAarXYDQ0Nj,,,,,34.0068,-118.256,qr,EN,0.800000011920929,29,5+ times per week,Amazon Prime Video,,"Amazon Prime Video,HBO Max",,Amazon Prime Video,,Watch alone,Phone,,8,4,4,3,2,3,2,2,3,2,2,3,4,5,4,3,3,4,2,2,4,3,3,4,3,4,3,3,3,3,3,4,3,5,3,2,2,2,2,4,2,4,3,2,2,2,2,4,2,4,3,2,2,2,2,4,3,4,3,3,3,3,3,5,3,5,3,3,3,3,3,3,3,3,3,3,3,3,3,3,3,3,3,3,3,3,3,3,3,3,3,3,3,3,3,5,4,5,2,2,3,3,3,4,3,3,3,2,2,2,2,5,3,4,3,2,2,3,3,No,,,,,,,No,,,,,,,5,18 - 24,Male,"Less than $1,000",Master,Single
2022-11-06 21:50:33,2022-11-06 21:57:00,IP Address,64.136.145.105,100,387,True,2022-11-06 21:57:01,R_5AOreLYryM1eO4x,,,,,34.0322,-118.2836,qr,EN,0.8999999761581421,8,3-5 times per week,"Netflix,Hulu,Amazon Prime Video",,Amazon Prime Video,,Netflix,,"Watch alone,Watch with friends","Laptop,Tablet",,12,4,3,2,3,2,3,4,4,3,2,5,5,5,4,5,5,5,3,4,3,5,4,5,4,4,2,1,2,1,2,5,4,4,5,1,1,1,1,3,4,4,3,3,3,3,3,5,4,4,5,3,3,3,3,5,5,5,5,3,3,3,3,5,4,4,5,3,3,3,3,4,4,4,4,3,3,3,3,2,4,4,4,3,3,3,3,5,5,5,5,3,3,3,3,5,5,5,5,3,3,3,3,5,5,5,5,3,3,3,3,5,5,5,5,3,3,3,3,No,,,,,,,No,,,,,,,6,25 - 34,Female,"$3,000 - $4,999",Bachelor,Single
2022-11-06 09:06:32,2022-11-06 22:17:40,IP Address,104.32.185.181,100,47468,True,2022-11-06 22:17:41,R_2CDPdnBzScdFl8N,,,,,34.0068,-118.256,qr,EN,1,10,5+ times per week,"Netflix,Amazon Prime Video,HBO Max,Other",youtube,"Netflix,Amazon Prime Video,HBO Max",,HBO Max,,"Watch alone,Watch with significant others/partner","TV,Laptop,Tablet",,10,4,4,4,1,3,4,5,5,1,5,5,5,5,4,5,3,5,5,4,5,3,3,5,2,3,5,1,3,1,1,5,3,4,5,1,2,1,1,4,3,4,4,2,1,2,2,4,3,4,4,3,2,2,2,4,4,4,4,3,2,2,3,4,2,4,4,4,3,2,2,4,3,3,4,4,2,4,3,4,3,4,4,4,4,4,4,4,4,4,4,4,4,4,4,5,2,3,4,2,3,2,2,4,4,4,4,4,4,4,4,4,4,4,4,4,4,4,4,Yes,More than 2 years,Less than 1 hour,4,9,4,1,,,,,,,,4,25 - 34,Female,"$1,000 - $2,999",PhD,Single
2022-11-07 19:33:43,2022-11-07 19:39:21,IP Address,207.151.52.145,100,337,True,2022-11-07 19:39:21,R_2drL7J3ZCAaai5e,,,,,34.0322,-118.2836,qr,EN,1,23,5+ times per week,"Netflix,Hulu",,"Netflix,Hulu",,Hulu,,"Watch alone,Watch with friends","TV,Laptop",,19,4,4,4,4,4,4,4,4,4,4,5,5,5,5,5,5,5,5,5,5,5,5,5,5,3,3,3,3,3,3,5,5,3,3,3,3,3,3,5,5,3,3,3,3,3,3,5,5,3,3,3,3,3,3,5,5,3,3,3,3,3,3,5,5,3,3,3,3,3,3,5,5,3,3,3,3,3,3,5,5,3,3,3,3,3,3,5,5,3,3,3,3,3,3,5,5,3,3,3,3,3,3,5,5,3,3,3,3,3,3,5,5,3,3,3,3,3,3,Yes,More than 2 years,More than 7 hours,5,10,5,5,,,,,,,,15,18 - 24,Male,"Less than $1,000",Bachelor,Single
2022-11-07 19:40:11,2022-11-07 20:13:14,IP Address,207.151.52.145,100,1983,True,2022-11-07 20:13:15,R_2ATqGN6ckV9VXqy,,,,,34.0322,-118.2836,qr,EN,1,50,5+ times per week,"Hulu,Amazon Prime Video",,"Hulu,Amazon Prime Video",,Amazon Prime Video,,"Watch with friends,Watch with family","Laptop,Phone",,32,4,4,4,4,3,3,3,3,3,3,4,4,4,3,3,3,3,3,3,3,4,4,4,5,5,4,4,4,4,4,4,5,5,4,4,4,4,4,4,5,5,4,4,4,4,4,4,5,5,4,4,4,4,4,4,5,5,4,4,4,4,4,4,5,5,4,4,4,4,4,4,5,5,4,4,4,4,4,4,5,5,4,4,4,4,4,4,5,5,4,4,4,4,4,4,5,5,4,4,4,4,4,4,5,5,4,4,4,4,4,4,5,5,4,4,4,4,4,No,,,,,,,Yes,3-6 months,Less than 1 hour,4,8,4,Launch new tv series,6,18 - 24,Male,"$1,000 - $2,999",Less than high school,Single
2022-11-07 20:33:27,2022-11-07 20:45:41,IP Address,71.154.157.203,100,734,True,2022-11-07 20:45:41,R_27p1rd8hFRJh451,,,,,34.0313,-118.3124,anonymous,EN,0.8999999761581421,5,1-2 times per week,"Netflix,Disney+,AppleTV+",,None,,AppleTV+,,Watch alone,Tablet,,20,1,4,4,1,3,3,2,5,4,1,4,4,4,5,2,4,5,3,3,5,4,5,3,2,1,2,2,5,2,4,3,2,1,1,1,4,2,4,3,3,3,3,3,3,3,3,3,4,4,4,3,5,3,5,3,3,3,3,3,3,3,3,3,2,5,3,3,4,2,4,5,3,5,5,5,5,5,5,4,4,4,3,3,4,3,4,2,2,2,2,2,2,2,5,2,3,2,3,2,3,3,5,4,4,4,4,4,4,4,4,3,3,3,3,3,3,3,3,No,,,,,,,Yes,Less than 3 months,3-5 hours,2,3,1,Other,3,18 - 24,Female,"$1,000 - $2,999",Master,Single
2022-11-07 20:38:18,2022-11-07 20:46:39,IP Address,76.175.126.188,100,500,True,2022-11-07 20:46:40,R_1g1hZAgkNXRVX9c,,,,,33.9993,-118.2868,anonymous,EN,1,12,3-5 times per week,"Netflix,Hulu",,"Netflix,Hulu,Amazon Prime Video,Disney+",,Hulu,,"Watch alone,Watch with friends,Watch with significant others/partner","TV,Laptop,Phone",,10,5,3,5,1,1,1,1,5,3,2,5,5,5,5,5,3,5,3,5,5,2,1,5,5,4,4,3,4,1,1,5,5,5,4,3,5,1,1,3,3,3,3,3,3,3,3,3,3,3,3,3,3,3,3,4,4,4,4,4,4,4,4,5,4,3,3,3,2,3,3,5,2,5,5,3,5,3,3,3,3,3,3,3,3,3,3,3,3,3,3,3,3,3,3,5,3,3,3,3,3,3,3,3,2,3,3,3,3,3,3,3,3,3,3,3,3,3,3,Yes,More than 2 years,3-5 hours,5,10,5,1,,,,,,,,10,18 - 24,Male,"$3,000 - $4,999",Master,In a Relationship
2022-11-07 20:43:35,2022-11-07 20:52:21,IP Address,104.32.179.85,100,526,True,2022-11-07 20:52:22,R_1g60JG6svfFc4c2,,,,,34.0322,-118.2836,anonymous,EN,1,10,3-5 times per week,"Netflix,HBO Max,Disney+",,"Netflix,HBO Max,Disney+",,Netflix,,Watch alone,"Laptop,Phone",,5,2,2,5,4,4,4,3,3,3,4,4,4,5,2,2,2,3,2,2,4,3,2,5,3,3,4,3,4,3,3,5,3,3,4,3,4,3,3,5,3,3,5,3,5,3,3,5,3,3,5,3,5,3,3,5,3,3,5,3,5,3,3,5,3,3,5,3,5,3,3,5,3,3,5,3,5,3,3,5,3,3,5,3,5,3,3,5,3,3,5,3,5,3,3,5,3,3,5,3,5,3,3,5,3,3,5,3,5,3,3,5,3,3,5,3,5,3,3,Yes,1-2 years,3-5 hours,5,9,5,1,,,,,,,,1,25 - 34,Male,"$3,000 - $4,999",Master,Single
2022-11-07 20:58:43,2022-11-07 21:04:29,IP Address,76.175.126.188,100,346,True,2022-11-07 21:04:30,R_3psZGjYp6VQYE0y,,,,,33.9993,-118.2868,anonymous,EN,1,5,5+ times per week,"Netflix,Hulu,Amazon Prime Video,HBO Max,Disney+",,"Netflix,Hulu,Amazon Prime Video,HBO Max,Disney+",,HBO Max,,"Watch alone,Watch with friends","TV,Phone",,20,5,5,3,1,4,2,1,5,1,4,5,5,5,3,2,1,3,4,4,4,2,3,4,3,4,4,4,4,2,2,4,4,4,4,4,4,3,4,4,3,4,4,3,3,2,2,4,4,4,5,3,4,4,4,5,5,4,5,5,5,5,5,4,3,2,4,3,3,2,3,5,2,3,4,3,5,5,5,5,5,5,5,5,5,5,5,5,5,5,5,5,5,5,5,5,3,4,3,3,4,3,3,4,4,4,4,5,2,3,4,2,3,3,4,4,4,2,4,Yes,More than 2 years,1-3 hours,4,6,5,2,,,,,,,,9,18 - 24,Male,"$1,000 - $2,999",PhD,Single
2022-11-07 21:44:16,2022-11-07 21:53:12,IP Address,173.56.32.52,100,536,True,2022-11-07 21:53:13,R_1cUrMl5sZafFYt0,,,,,40.7429,-73.9392,anonymous,EN,0.8999999761581421,5,1-2 times per week,"Netflix,Amazon Prime Video,Disney+",,"Netflix,Amazon Prime Video",,Netflix,,Watch with friends,"Laptop,Tablet",,12,4,5,3,3,5,3,2,3,3,5,5,5,3,4,3,5,5,3,5,5,5,2,4,1,4,3,1,5,2,2,5,2,4,3,1,4,2,2,2,3,3,3,3,3,2,3,5,3,5,5,3,5,3,3,3,3,3,3,3,3,3,3,5,3,3,3,2,5,2,2,3,3,3,3,3,3,3,3,4,2,4,3,2,4,2,3,4,2,3,2,3,4,3,3,4,3,3,2,2,5,2,3,3,2,3,3,3,3,3,3,5,3,5,3,3,5,3,3,Yes,1-2 years,1-3 hours,3,4,2,4,,,,,,,,1,18 - 24,Female,"$3,000 - $4,999",Master,In a Relationship
2022-11-07 22:10:06,2022-11-07 22:16:14,IP Address,173.75.42.8,100,367,True,2022-11-07 22:16:14,R_1oumvK4vr8m97Kf,,,,,40.4725,-79.9109,anonymous,EN,0.8999999761581421,3,1-2 times per week,Netflix,,Netflix,,Netflix,,Watch alone,"Laptop,Phone",,7,3,4,3,4,4,2,2,3,3,3,2,2,2,4,4,3,5,3,3,3,5,2,4,2,2,2,2,3,2,3,4,2,2,3,2,3,2,3,2,4,3,3,4,3,3,2,4,2,3,4,2,4,4,4,4,3,3,4,2,4,3,4,5,3,4,4,3,5,4,5,5,3,3,4,3,3,3,5,2,4,3,3,3,3,3,4,3,4,4,4,4,4,3,3,5,4,4,5,4,5,4,5,5,4,4,5,4,5,5,5,5,3,4,5,3,4,4,5,Yes,More than 2 years,1-3 hours,4,8,4,2,,,,,,,,5,25 - 34,Male,"Less than $1,000",Master,In a Relationship
2022-11-08 05:17:01,2022-11-08 05:23:12,IP Address,71.127.210.27,100,370,True,2022-11-08 05:23:12,R_123dmRbODJmFYRZ,,,,,40.7182,-74.0476,anonymous,EN,0.8999999761581421,2,1-2 times per week,Netflix,,"Netflix,Amazon Prime Video",,Netflix,,Watch alone,Projector,,3,5,5,4,1,1,1,4,5,2,1,5,5,5,5,5,1,5,5,5,5,3,5,5,3,3,3,3,3,4,3,5,2,5,5,2,2,2,2,3,3,3,2,4,2,2,3,3,3,3,3,3,3,3,3,3,3,3,3,3,3,4,4,3,3,3,3,2,3,3,2,5,5,5,5,4,5,5,5,2,3,3,2,4,4,1,2,4,4,4,4,4,5,4,4,3,4,3,2,2,2,3,3,3,3,2,2,2,3,3,3,5,3,3,4,4,5,4,5,Yes,More than 2 years,Less than 1 hour,4,7,5,1,,,,,,,,2,18 - 24,Female,"$1,000 - $2,999",Master,In a Relationship
2022-11-08 12:39:11,2022-11-08 12:48:31,IP Address,68.181.16.214,100,559,True,2022-11-08 12:48:32,R_2QSQ9z0zrkWx3GM,,,,,34.0322,-118.2836,anonymous,EN,1,2,1-2 times per week,"Amazon Prime Video,HBO Max",,"Amazon Prime Video,HBO Max",,Amazon Prime Video,,Watch alone,Laptop,,30,5,5,5,2,2,3,2,5,1,5,4,3,4,3,4,3,2,3,3,3,4,3,4,3,4,4,3,4,3,2,4,3,4,4,4,3,3,4,4,4,5,5,4,4,4,4,4,4,5,5,4,4,4,4,4,4,5,5,4,4,4,4,4,4,4,4,4,4,4,4,4,4,4,4,4,4,4,4,4,4,4,4,4,4,4,4,4,4,4,4,4,4,4,4,5,5,5,5,5,5,5,5,5,5,5,5,5,5,5,5,5,4,5,4,4,4,4,4,No,,,,,,,Yes,Less than 3 months,1-3 hours,4,8,3,Launch new tv series,8,25 - 34,Male,"$3,000 - $4,999",Master,Married
2022-11-08 20:01:49,2022-11-08 20:09:56,IP Address,99.167.86.77,100,486,True,2022-11-08 20:09:56,R_VUnyYZdlGK9n3m9,,,,,34.029,-118.4005,qr,EN,1,7,5+ times per week,"Netflix,Hulu,Amazon Prime Video,HBO Max,Disney+",,Netflix,,AppleTV+,,"Watch alone,Watch with family","TV,Phone",,4,5,2,3,5,5,3,2,2,2,4,4,4,4,1,1,5,5,4,5,5,1,1,3,3,3,3,3,3,3,5,2,3,1,3,1,1,1,3,1,2,5,3,3,2,2,4,5,5,4,5,5,5,5,5,3,3,3,3,4,3,3,3,3,4,3,3,3,3,3,3,3,5,5,5,5,5,5,5,5,5,5,5,5,5,5,5,5,5,5,5,5,5,4,5,4,5,5,5,5,5,5,5,5,3,3,3,3,3,3,3,3,3,3,3,3,3,3,3,Yes,6-12 months,1-3 hours,2,5,4,2,,,,,,,,5,18 - 24,Female,"$1,000 - $2,999",Bachelor,Single
2022-11-10 11:44:58,2022-11-10 11:51:31,IP Address,12.201.19.170,100,392,True,2022-11-10 11:51:31,R_3NKWG8f9di9zhyT,,,,,33.7015,-117.7528,qr,EN,0.800000011920929,9,5+ times per week,"Netflix,Hulu,Amazon Prime Video",,None,,Netflix,,"Watch alone,Watch with friends,Watch with family,Watch with significant others/partner","Laptop,Phone",,0,4,4,3,4,4,4,4,3,3,2,4,4,5,4,4,3,3,3,3,3,3,3,4,4,3,3,3,3,3,3,4,4,4,3,3,3,3,3,3,3,3,3,3,3,3,3,4,4,4,3,3,3,3,3,4,4,4,3,3,3,3,3,4,3,4,3,3,3,3,3,4,3,4,3,3,3,3,3,3,3,3,3,3,3,3,3,3,3,3,3,3,3,3,3,4,4,4,3,3,3,3,3,4,3,4,3,3,3,3,3,5,3,3,3,3,4,3,3,No,,,,,,,No,,,,,,,2,25 - 34,Female,"$3,000 - $4,999",Master,Married
2022-11-10 11:45:15,2022-11-10 11:53:36,IP Address,104.50.121.55,100,501,True,2022-11-10 11:53:37,R_3MLm9SeBn7CwqQo,,,,,34.047,-118.275,qr,EN,0.800000011920929,4,1-2 times per week,Netflix,,None,,Netflix,,Watch with significant others/partner,Laptop,,11,4,2,3,2,2,2,4,4,2,1,4,3,4,4,4,4,4,4,4,4,4,3,4,3,2,2,2,3,3,2,3,3,2,2,2,3,2,2,3,3,4,4,4,3,3,3,3,3,3,3,2,3,3,3,3,3,2,2,2,3,2,3,4,3,3,3,3,3,2,3,4,4,3,3,3,4,3,4,4,4,3,3,3,3,3,4,4,4,3,3,3,3,3,3,4,4,3,3,3,4,3,4,4,4,3,3,3,3,3,3,3,3,3,3,3,4,3,3,No,,,,,,,Yes,3-6 months,1-3 hours,4,8,3,Promotion code,6,18 - 24,Female,"$5,000 - $6,999",Master,In a Relationship
2022-11-10 12:06:22,2022-11-10 12:13:40,IP Address,76.175.121.7,100,438,True,2022-11-10 12:13:41,R_cuaF6gYc3RK6odH,,,,,34.0068,-118.256,qr,EN,0.8999999761581421,20,5+ times per week,"Netflix,Other",bilibili,Other,bilibili,Other,bilibili,"Watch alone,Watch with friends","Laptop,Phone,Tablet",,5,3,5,4,1,3,3,4,3,4,2,5,5,4,2,2,2,4,3,2,4,4,4,5,5,4,3,2,3,3,3,4,5,4,4,3,3,3,4,3,4,4,3,3,3,2,2,5,4,4,5,4,5,5,4,5,4,4,3,3,5,5,5,5,4,3,3,3,3,3,4,4,2,3,3,3,4,3,5,1,3,3,3,3,3,3,5,5,5,5,5,5,5,5,2,5,5,5,5,5,5,5,5,2,3,3,3,3,3,3,2,5,3,4,5,3,5,3,2,No,,,,,,,Yes,6-12 months,Less than 1 hour,4,3,1,Promotion code,0,18 - 24,Female,"$1,000 - $2,999",Master,In a Relationship
2022-11-10 12:17:40,2022-11-10 12:28:35,IP Address,107.131.201.19,100,654,True,2022-11-10 12:28:35,R_22QUhHX5kK3rI6V,,,,,34.0614,-118.3072,qr,EN,0.699999988079071,5,1-2 times per week,Netflix,,Netflix,,Netflix,,Watch alone,Tablet,,8,1,3,3,3,4,4,4,2,3,1,3,4,5,2,3,2,3,4,3,4,5,3,5,3,3,3,2,2,2,4,5,3,2,2,2,3,3,4,3,3,3,3,2,2,2,3,5,3,2,3,3,2,3,4,5,3,3,3,2,3,3,3,4,3,3,3,2,3,2,3,4,3,3,3,2,3,3,3,4,2,2,3,3,4,4,4,3,3,3,3,3,4,3,3,4,3,3,3,3,2,3,4,4,4,3,2,3,3,3,3,5,3,3,3,3,5,3,3,Yes,6-12 months,3-5 hours,4,8,4,2,,,,,,,,8,18 - 24,Female,"$3,000 - $4,999",Master,Single
2022-11-10 13:15:59,2022-11-10 13:25:18,IP Address,76.90.82.177,100,558,True,2022-11-10 13:25:18,R_30i7Cgk0SQeswEI,,,,,34.0313,-118.3124,qr,EN,0.800000011920929,7,5+ times per week,"Netflix,Hulu,Amazon Prime Video,HBO Max,Disney+",,"Netflix,Amazon Prime Video,HBO Max,Disney+",,Netflix,,"Watch alone,Watch with significant others/partner","Laptop,Phone",,13,1,2,4,1,5,3,3,5,3,2,5,5,5,5,5,3,4,3,3,3,2,5,5,2,5,5,3,5,2,4,5,3,4,5,2,4,3,3,5,4,4,4,4,4,4,3,5,5,5,5,5,5,5,5,5,5,5,5,5,5,5,5,5,3,5,5,3,5,5,5,5,3,3,5,3,4,3,4,5,5,5,5,5,5,5,5,5,5,5,5,5,5,5,5,5,5,5,5,5,5,5,5,5,3,3,3,3,3,3,3,5,5,3,5,5,5,5,2,Yes,More than 2 years,3-5 hours,5,10,5,1,,,,,,,,3,18 - 24,Male,"$1,000 - $2,999",Master,In a Relationship
2022-11-10 14:04:56,2022-11-10 14:11:06,IP Address,71.92.203.200,100,370,True,2022-11-10 14:11:07,R_2ZBSt33Z1SHKiqt,,,,,34.011,-118.1145,anonymous,EN,0.800000011920929,10,3-5 times per week,"Netflix,Hulu,HBO Max,Disney+",,"Hulu,HBO Max,Disney+",,Disney+,,Watch alone,Laptop,,2,4,5,3,1,3,1,1,5,4,4,4,5,3,4,2,5,5,2,5,4,4,5,4,4,2,2,1,4,2,3,4,3,1,2,1,5,1,2,3,5,3,4,1,5,4,3,3,5,5,5,5,5,4,5,3,3,2,3,4,5,4,4,5,3,1,2,1,4,3,2,5,5,5,5,5,5,5,5,1,3,2,4,2,5,3,5,3,4,3,4,2,5,4,4,4,3,2,3,3,5,4,5,3,4,5,5,5,3,1,3,5,2,2,2,1,4,3,5,No,,,,,,,No,,,,,,,5,18 - 24,Male,"$1,000 - $2,999",Master,Single
2022-11-10 14:10:11,2022-11-10 14:14:23,IP Address,172.58.17.68,100,251,True,2022-11-10 14:14:24,R_2ON49gwfy302EDS,,,,,33.9555,-118.2863,anonymous,EN,0.8999999761581421,2,1-2 times per week,Netflix,,Netflix,,Netflix,,Watch alone,TV,,8,2,2,2,1,2,3,3,2,2,2,2,2,2,2,1,2,5,2,2,2,2,2,2,2,3,2,2,2,2,2,2,2,2,2,2,2,2,2,2,2,2,2,2,2,2,2,2,2,2,2,2,2,2,2,2,2,2,2,2,2,2,2,2,2,2,2,2,2,2,2,2,2,2,2,2,2,2,2,2,2,2,2,2,2,2,2,2,2,2,2,2,2,2,2,2,2,2,2,2,2,2,2,2,2,2,2,2,2,2,2,2,2,3,2,2,2,2,2,Yes,1-2 years,Less than 1 hour,2,2,2,2,,,,,,,,2,18 - 24,Female,"$5,000 - $6,999",Master,Single
2022-11-10 14:22:34,2022-11-10 14:39:15,IP Address,172.117.15.4,100,1001,True,2022-11-10 14:39:15,R_3QKljinXcROU52W,,,,,34.0068,-118.256,anonymous,EN,1,6,3-5 times per week,"Netflix,Hulu,Amazon Prime Video,HBO Max,Disney+,Peacock,AppleTV+",,"Netflix,Amazon Prime Video",,Netflix,,"Watch alone,Watch with family,Watch with significant others/partner","TV,Laptop,Phone,Tablet",,10,5,5,3,1,4,1,1,3,2,3,4,4,4,3,2,2,5,3,5,3,3,3,4,3,3,2,1,2,1,3,4,3,4,4,1,2,1,3,2,3,3,3,1,3,3,3,5,4,4,4,4,4,4,5,4,3,3,3,3,3,3,4,5,3,3,3,2,3,3,3,5,1,4,4,2,3,2,5,5,5,5,5,2,5,2,5,5,5,5,5,2,5,2,5,5,3,4,2,3,4,2,5,3,4,4,4,4,4,4,4,5,1,3,2,1,4,1,5,Yes,More than 2 years,1-3 hours,4,8,4,2,,,,,,,,5,18 - 24,Male,"$3,000 - $4,999",Master,In a Relationship
2022-11-10 18:16:24,2022-11-10 18:24:10,IP Address,129.234.0.178,100,466,True,2022-11-10 18:24:11,R_3G1boDtZ0B9uRiN,,,,,54.7699,-1.559,anonymous,EN,1,50,1-2 times per week,"Netflix,Disney+",,"Netflix,Disney+",,Netflix,,"Watch alone,Watch with friends,Watch with family,Watch with significant others/partner","TV,Laptop,Phone,Tablet",,10,5,5,5,2,2,5,3,3,4,3,5,5,5,5,5,2,5,5,5,5,5,3,5,3,3,4,3,3,3,4,5,3,3,4,3,3,3,4,3,3,3,3,3,4,3,3,5,3,3,3,3,5,3,5,5,2,3,3,3,4,3,5,5,3,3,5,3,3,3,4,5,5,5,5,5,5,5,5,3,3,3,3,3,3,3,3,5,3,3,3,3,5,3,3,5,3,3,3,3,3,3,3,3,3,3,3,3,3,3,3,4,3,3,3,3,3,3,5,Yes,More than 2 years,1-3 hours,5,8,5,1,,,,,,,,1,18 - 24,Female,"Less than $1,000",Master,Single
2022-11-11 07:06:51,2022-11-11 07:17:31,IP Address,129.255.252.189,100,640,True,2022-11-11 07:17:31,R_XvRMLKluMDP7C3n,,,,,41.6618,-91.5409,anonymous,EN,1,5,3-5 times per week,Netflix,,Netflix,,Netflix,,Watch alone,Laptop,,6,5,4,4,2,4,3,1,5,2,5,5,5,5,3,4,3,3,2,4,4,5,3,4,3,3,3,3,3,3,3,4,3,3,3,3,3,3,3,4,3,3,3,3,3,3,3,5,3,3,3,3,3,3,3,4,3,3,3,3,3,3,3,4,3,3,3,3,3,3,3,4,3,3,3,3,3,3,3,4,3,3,3,3,3,3,3,4,3,3,3,3,3,3,3,4,3,3,3,3,3,3,3,4,3,3,3,3,3,3,3,4,3,3,3,3,3,3,3,Yes,1-2 years,3-5 hours,5,9,5,1,,,,,,,,5,18 - 24,Female,"Less than $1,000",PhD,Single
2022-11-11 11:19:18,2022-11-11 11:24:44,IP Address,162.211.149.100,100,325,True,2022-11-11 11:24:45,R_2vjGm1wbKxLxr1k,,,,,34.0732,-118.3294,anonymous,EN,0.8999999761581421,10,5+ times per week,Other,Chinese streaming service,Other,Chinese streaming service,Other,Chinese streaming service,Watch alone,Laptop,,0,3,4,3,1,4,4,4,3,3,3,3,3,1,4,1,1,4,1,1,3,1,5,4,4,3,3,3,3,3,3,3,3,3,3,3,3,3,3,3,3,3,3,3,3,3,3,3,3,3,3,3,3,4,3,4,3,3,3,3,3,3,3,3,3,3,3,3,3,3,3,4,5,3,3,5,4,4,4,3,3,4,4,3,4,4,4,4,4,4,4,5,5,4,5,4,3,3,3,4,5,5,4,4,4,3,4,4,4,4,4,5,4,3,3,4,4,4,4,No,,,,,,,Yes,Less than 3 months,Less than 1 hour,3,3,2,Launch new movies,0,18 - 24,Female,"$1,000 - $2,999",Master,In a Relationship
2022-11-10 12:22:54,2022-11-12 09:40:39,IP Address,76.175.122.57,100,163064,True,2022-11-12 09:40:39,R_2aD27Yc7eLnhgcb,,,,,34.0068,-118.256,anonymous,EN,1,5,1-2 times per week,"Netflix,Hulu,Amazon Prime Video,HBO Max",,None,,HBO Max,,Watch alone,Laptop,,10,4,4,2,1,4,4,3,2,3,2,5,4,5,4,3,2,2,1,2,4,3,2,4,4,4,4,3,3,3,3,3,4,4,4,3,3,3,3,3,3,3,3,2,2,2,2,3,4,4,4,3,3,3,3,3,3,3,3,3,3,3,3,3,3,3,3,3,3,3,3,3,3,3,3,3,3,3,3,3,3,3,3,3,3,3,3,3,3,3,3,3,3,3,3,4,4,4,3,3,3,3,3,3,3,3,3,3,3,3,3,4,3,2,3,3,3,3,3,No,,,,,,,No,,,,,,,8,25 - 34,Male,"Less than $1,000",Master,In a Relationship
2022-11-13 20:34:30,2022-11-13 21:16:08,IP Address,76.32.139.7,100,2497,True,2022-11-13 21:16:08,R_5gRo9awso7sbHCp,,,,,34.0757,-118.3161,qr,EN,1,20,5+ times per week,"Netflix,Hulu,Amazon Prime Video,HBO Max,Disney+,Paramount Plus",,"Netflix,Hulu,Amazon Prime Video,HBO Max,Paramount Plus",,Netflix,,Watch with friends,TV,,10,5,2,1,5,5,3,2,2,4,2,3,3,1,4,4,4,3,4,3,3,5,4,4,3,2,4,2,2,3,3,5,5,2,4,2,2,3,3,2,2,1,2,1,1,1,1,3,3,3,3,3,3,3,3,4,4,2,2,2,2,2,2,3,3,3,2,3,3,2,3,2,2,2,3,2,2,2,2,3,2,2,2,2,3,2,3,3,4,3,4,3,2,3,2,3,3,3,3,2,2,2,2,3,2,2,2,1,2,2,2,4,4,2,3,2,3,3,3,Yes,3-6 months,1-3 hours,4,8,4,2,,,,,,,,2,18 - 24,Male,"Less than $1,000",Master,Single
2022-11-13 23:39:15,2022-11-13 23:46:10,IP Address,23.125.221.7,100,415,True,2022-11-13 23:46:11,R_2tMbAA18VKI4rQw,,,,,34.0544,-118.2441,anonymous,EN,1,5,3-5 times per week,Netflix,,Netflix,,Netflix,,"Watch alone,Watch with friends,Watch with significant others/partner","Laptop,Projector",,10,4,5,4,1,3,4,4,4,5,5,5,5,4,5,3,5,5,3,5,5,4,2,5,3,4,4,2,4,1,1,5,4,4,4,1,4,1,1,4,3,3,3,3,3,3,3,5,5,5,5,5,5,5,5,5,5,5,5,3,5,4,4,5,4,5,4,3,4,4,4,5,5,5,5,5,5,5,5,4,4,3,3,3,3,3,3,5,3,3,3,3,3,3,3,5,5,4,4,4,5,4,5,3,5,5,5,3,5,3,3,5,3,4,4,2,5,3,1,Yes,More than 2 years,3-5 hours,5,10,5,1,,,,,,,,5,25 - 34,Female,"$5,000 - $6,999",Master,Single
2022-11-14 10:20:04,2022-11-14 10:30:12,IP Address,172.58.27.217,100,608,True,2022-11-14 10:30:12,R_32WtTjtdogfbz2Q,,,,,34.0544,-118.244,qr,EN,,15,3-5 times per week,"Amazon Prime Video,HBO Max",,"Amazon Prime Video,HBO Max",,Netflix,,Watch alone,Tablet,,5,5,4,4,2,4,5,5,5,4,4,5,5,5,5,5,5,5,5,4,5,5,3,3,3,3,5,3,4,3,3,5,3,4,5,3,5,3,3,2,4,4,4,3,3,3,3,5,2,3,5,3,5,4,3,5,3,4,1,3,4,3,3,5,3,4,4,3,3,3,3,5,3,2,5,3,3,3,3,5,3,5,5,3,4,3,3,4,3,4,4,3,3,3,3,4,3,4,4,3,3,3,3,5,3,4,4,3,3,3,3,5,3,4,5,3,5,3,3,No,,,,,,,Yes,1-2 years,3-5 hours,4,7,2,Promotion code,0,25 - 34,Female,"$5,000 - $6,999",Master,In a Relationship
2022-11-14 16:06:33,2022-11-14 16:17:24,IP Address,68.181.16.58,100,651,True,2022-11-14 16:17:25,R_1LTL1ABpmQqLFpI,,,,,34.0322,-118.2836,qr,EN,,10,1-2 times per week,Netflix,,Netflix,,Netflix,,"Watch alone,Watch with friends,Watch with family","Laptop,Tablet",,20,2,3,4,3,3,4,5,2,3,3,4,4,3,4,3,2,3,4,3,3,3,3,3,2,3,1,2,4,3,3,3,3,2,2,1,4,3,3,3,2,2,1,3,3,4,3,4,3,4,3,3,4,2,3,3,4,3,2,3,5,3,3,3,3,4,2,1,3,2,3,4,4,4,2,2,3,3,2,4,3,3,3,3,4,2,4,3,3,3,2,3,3,2,4,3,4,3,2,4,4,3,3,3,3,3,3,2,3,3,5,4,4,4,2,3,4,3,4,Yes,More than 2 years,3-5 hours,3,6,3,2,,,,,,,,6,18 - 24,Female,"$5,000 - $6,999",Master,Single
2022-11-14 16:16:37,2022-11-14 16:22:20,IP Address,162.250.92.105,100,342,True,2022-11-14 16:22:21,R_3DhFEclIIxpoozB,,,,,34.0322,-118.2836,qr,EN,0.8999999761581421,20,5+ times per week,"Netflix,Hulu,Amazon Prime Video,HBO Max,Disney+,Peacock,Paramount Plus,AppleTV+",,"Netflix,AppleTV+",,AppleTV+,,Watch alone,"Laptop,Phone,Tablet",,20,4,5,2,1,3,2,4,3,5,2,5,5,4,4,3,4,5,4,3,4,4,4,5,4,3,3,2,3,3,5,5,5,3,3,2,4,3,5,3,3,3,3,3,3,3,3,5,5,3,2,2,4,3,5,4,4,3,3,3,3,3,5,5,5,3,3,3,3,3,5,5,4,4,3,3,4,3,5,4,3,4,3,4,4,4,5,5,5,3,4,4,3,3,5,4,4,4,3,4,4,4,5,5,5,4,3,2,4,3,5,5,5,3,4,4,4,4,5,Yes,Less than 3 months,5-7 hours,5,10,4,2,,,,,,,,5,18 - 24,Female,"Less than $1,000",Master,Single
2022-11-14 16:14:15,2022-11-14 16:35:30,IP Address,68.181.16.248,100,1274,True,2022-11-14 16:35:30,R_1rNfK2MGPGKZCTA,,,,,34.0322,-118.2836,qr,EN,1,14,5+ times per week,"Netflix,Other",Chinese streaming services,"Netflix,Other",iyf,Other,Iyf,"Watch alone,Watch with friends","Laptop,Phone,Tablet",,14,4,4,4,2,5,4,3,4,4,3,4,4,5,5,5,5,5,3,3,3,5,2,5,3,3,4,3,3,3,4,4,4,3,3,3,3,3,4,3,3,3,3,3,3,3,3,5,5,5,5,3,4,3,5,5,5,5,5,5,5,5,5,5,5,3,3,3,2,3,4,5,3,3,1,2,3,2,2,3,4,3,3,3,3,3,3,4,4,4,4,4,5,5,4,5,4,3,3,3,3,3,3,4,4,4,4,4,4,4,4,5,4,3,4,3,5,3,3,No,,,,,,,Yes,3-6 months,1-3 hours,5,8,1,Launch new tv series,2,18 - 24,Female,"$3,000 - $4,999",Master,Single
2022-11-14 16:38:34,2022-11-14 16:45:29,IP Address,172.58.78.130,100,414,True,2022-11-14 16:45:29,R_2wSs5ORhe6r8VuW,,,,,36.1685,-115.1164,qr,EN,0.8999999761581421,11,1-2 times per week,Netflix,,None,,Netflix,,Watch alone,Tablet,,0,4,4,5,1,5,3,5,3,4,1,5,5,5,4,4,4,5,4,4,4,5,4,4,4,3,4,3,3,3,3,5,4,4,5,3,4,3,3,4,3,5,3,3,4,4,3,5,5,5,5,4,5,4,4,4,4,4,4,3,4,3,4,5,4,3,4,3,4,5,4,4,4,4,4,3,4,3,5,4,4,4,4,4,4,4,4,4,4,3,4,3,4,4,5,5,4,4,4,3,4,4,5,4,4,4,4,3,3,3,3,4,4,5,4,5,5,4,5,No,,,,,,,No,,,,,,,3,18 - 24,Female,"$1,000 - $2,999",Master,Single
2022-11-14 21:52:45,2022-11-14 21:56:53,IP Address,128.12.122.100,100,247,True,2022-11-14 21:56:53,R_xrUmE4bVUBUWsPD,,,,,37.423,-122.1639,anonymous,EN,1,4,1-2 times per week,Netflix,,Netflix,,Netflix,,"Watch alone,Watch with family","TV,Laptop,Phone",,11,2,3,4,2,2,4,4,4,4,3,5,5,5,4,3,4,4,4,4,4,4,4,4,3,3,3,3,3,3,3,3,3,3,3,3,3,3,3,3,3,3,3,3,3,3,3,3,3,3,3,3,3,3,3,3,3,3,3,3,3,3,3,3,3,3,3,3,3,3,3,3,3,3,3,3,3,3,3,3,3,3,3,3,3,3,3,3,3,3,3,3,3,3,3,3,3,3,3,3,3,3,3,3,3,3,3,3,3,3,3,4,3,3,3,3,3,3,3,Yes,3-6 months,1-3 hours,4,7,3,3,,,,,,,,5,18 - 24,Female,"Less than $1,000",Bachelor,Single
2022-11-14 22:27:31,2022-11-14 22:33:39,IP Address,104.207.209.134,100,367,True,2022-11-14 22:33:39,R_2an8iOPhSQ1dJhV,,,,,41.8307,-71.3982,anonymous,EN,1,3,3-5 times per week,Netflix,,"Netflix,Disney+",,Netflix,,"Watch alone,Watch with significant others/partner","Laptop,Tablet",,10,3,5,3,1,4,3,3,2,1,4,2,5,3,5,5,4,5,3,4,3,3,2,3,4,4,4,2,3,3,3,4,5,3,4,2,3,3,3,3,3,3,3,3,4,3,2,5,3,3,3,3,3,3,3,4,3,3,3,3,3,3,3,2,3,3,3,3,3,3,3,5,3,3,3,3,3,3,3,5,3,3,3,3,3,3,3,4,3,3,3,3,3,3,3,4,3,3,3,3,3,3,3,1,3,3,3,3,3,3,3,3,3,3,3,3,4,3,2,Yes,More than 2 years,3-5 hours,4,8,5,1,,,,,,,,10,18 - 24,Female,"$1,000 - $2,999",Master,In a Relationship
2022-11-15 20:07:11,2022-11-15 20:11:24,IP Address,99.61.164.49,100,253,True,2022-11-15 20:11:25,R_3MzjXL6EhAsW0HW,,,,,37.3209,-121.9126,anonymous,EN,1,2,1-2 times per week,"Netflix,Disney+",,"Netflix,Disney+",,Disney+,,Watch alone,Tablet,,19,5,5,1,1,2,2,3,1,2,2,5,4,2,4,4,4,5,4,5,4,1,2,4,2,2,1,1,5,2,2,4,1,2,2,1,4,3,3,2,2,2,2,2,4,4,1,2,3,2,2,2,4,3,2,5,2,2,2,2,4,3,3,3,2,2,2,2,2,2,4,5,5,5,5,5,5,5,5,4,3,3,3,3,4,3,3,4,3,3,3,3,3,3,3,2,2,3,3,3,4,4,4,1,1,1,1,1,5,3,3,5,3,1,1,1,5,1,1,Yes,More than 2 years,Less than 1 hour,3,0,3,4,,,,,,,,10,25 - 34,Male,"More than $7,000",Master,Single
2022-11-15 23:14:47,2022-11-15 23:28:56,IP Address,104.32.147.190,100,848,True,2022-11-15 23:28:57,R_ONgilO9jo46LDFf,,,,,34.0068,-118.256,anonymous,EN,1,7,1-2 times per week,HBO Max,,HBO Max,,HBO Max,,Watch alone,Laptop,,2,1,2,3,2,4,4,4,5,4,3,2,3,2,4,3,3,3,3,3,4,4,5,4,2,2,4,2,5,1,3,5,3,4,4,1,2,2,4,2,3,3,5,2,3,2,2,5,4,5,5,5,5,5,5,5,5,5,5,5,5,5,5,4,2,4,3,3,4,4,3,2,2,2,2,3,3,2,2,4,2,2,4,2,4,2,4,5,2,5,5,3,5,2,5,5,5,5,5,5,5,5,5,5,5,5,5,5,5,5,5,5,4,2,4,2,5,2,4,No,,,,,,,No,,,,,,,15,25 - 34,Female,"Less than $1,000",Master,Single
2022-11-15 23:25:05,2022-11-15 23:32:53,IP Address,104.32.176.4,100,467,True,2022-11-15 23:32:54,R_31XJqKBoLTnxzHu,,,,,34.0322,-118.2836,anonymous,EN,1,5,5+ times per week,"Netflix,Amazon Prime Video,HBO Max,Disney+",,None,,Netflix,,Watch alone,Laptop,,0,2,4,5,5,5,4,3,3,2,4,3,5,4,5,2,2,5,5,5,5,5,5,4,3,2,4,2,1,1,1,4,4,5,3,3,3,2,2,4,3,3,4,3,3,3,3,3,3,3,3,3,4,4,4,5,4,4,4,4,3,4,4,5,4,3,5,3,1,3,4,5,5,5,5,5,5,5,5,5,5,1,5,5,5,5,5,5,5,5,5,5,3,3,3,5,5,4,3,4,3,3,3,3,3,3,3,3,3,3,3,5,5,5,5,3,4,4,4,No,,,,,,,Yes,1-2 years,3-5 hours,4,8,4,Launch new tv series,1,25 - 34,Female,"$1,000 - $2,999",Master,In a Relationship
2022-11-16 04:57:28,2022-11-16 05:29:35,IP Address,114.24.29.105,100,1926,True,2022-11-16 05:29:35,R_1OwNR96XKpuBnr8,,,,,25.0504,121.5324,anonymous,EN,0.8999999761581421,1,1-2 times per week,"Netflix,Disney+,Other",We TV,Other,We TV,Netflix,,Watch alone,Phone,,8,5,5,5,1,4,1,3,4,3,2,5,5,4,4,4,3,5,5,5,4,4,4,4,3,3,3,3,5,3,3,3,3,3,3,3,3,3,3,3,3,3,3,3,3,3,3,5,3,3,3,3,5,3,3,5,3,3,3,3,5,3,3,5,3,3,3,3,4,3,3,5,3,3,3,3,5,3,3,4,3,3,3,3,4,3,3,4,3,3,3,3,4,3,3,5,3,3,3,3,5,3,3,4,3,3,3,3,4,3,3,5,3,3,3,3,5,3,3,No,,,,,,,Yes,Less than 3 months,Less than 1 hour,5,10,3,Launch new tv series,3,18 - 24,Female,"$1,000 - $2,999",Bachelor,Single
2022-11-16 19:55:33,2022-11-16 20:09:12,IP Address,207.151.52.247,100,818,True,2022-11-16 20:09:12,R_1GCE1Mu8QE0Jty4,,,,,34.0322,-118.2836,anonymous,EN,1,10,5+ times per week,"Netflix,Hulu,Amazon Prime Video,HBO Max,Peacock",,Netflix,,Netflix,,Watch alone,TV,,5,4,1,4,3,4,1,1,4,1,3,3,3,4,4,4,1,3,4,4,4,3,1,4,4,4,4,4,4,4,4,4,4,3,4,3,3,1,1,3,3,3,3,3,3,3,3,4,4,4,4,4,4,4,4,4,4,4,4,4,4,4,4,5,3,3,4,3,3,3,3,5,3,4,5,3,5,3,3,4,3,3,3,3,3,3,3,5,5,3,5,3,3,3,3,5,2,3,4,3,2,3,3,3,3,3,3,3,3,3,3,4,3,3,3,3,3,3,3,Yes,More than 2 years,5-7 hours,4,8,5,1,,,,,,,,3,25 - 34,Female,"$1,000 - $2,999",Master,In a Relationship
2022-11-16 21:27:01,2022-11-16 21:34:41,IP Address,207.151.52.169,100,459,True,2022-11-16 21:34:41,R_29v7gznaGeRjA7e,,,,,34.0322,-118.2836,qr,EN,1,15,5+ times per week,"Netflix,Hulu",,None,,Hulu,,Watch alone,Phone,,0,4,5,5,4,4,3,2,4,4,5,4,3,5,5,5,4,5,5,4,4,5,5,4,4,4,4,4,4,4,4,3,3,3,3,3,4,4,4,4,4,4,4,4,4,4,4,5,5,4,3,4,4,3,4,3,2,3,4,3,3,3,3,3,3,4,3,4,4,3,4,2,2,2,2,2,2,2,2,2,2,2,3,2,2,2,2,3,3,4,3,4,3,4,4,4,3,4,4,4,4,4,4,4,4,4,4,4,4,3,3,5,4,4,3,3,3,4,4,No,,,,,,,Yes,Less than 3 months,1-3 hours,4,7,2,Promotion code,6,18 - 24,Female,"$1,000 - $2,999",Master,Single
2022-11-16 21:38:46,2022-11-16 21:44:24,IP Address,64.136.145.98,100,338,True,2022-11-16 21:44:25,R_1JPFqRg2irMwy8v,,,,,34.0322,-118.2836,qr,EN,1,5,5+ times per week,Other,little red,HBO Max,,HBO Max,,Watch alone,Laptop,,0,1,1,1,1,1,5,2,3,3,3,5,5,5,4,5,2,5,3,5,2,3,3,3,1,1,5,1,1,1,3,3,1,1,5,1,1,1,3,1,1,1,1,1,1,1,1,1,1,1,1,1,1,1,1,1,1,1,1,1,1,1,1,1,1,1,1,1,1,1,1,1,1,1,1,1,1,1,1,1,1,1,1,1,1,1,1,1,1,1,1,1,1,1,1,1,1,1,1,1,1,1,1,1,1,1,1,1,1,1,1,1,1,1,1,1,1,1,1,No,,,,,,,Yes,Less than 3 months,Less than 1 hour,1,1,2,Launch new tv series,6,25 - 34,Female,"Less than $1,000",Master,Single
2022-11-17 23:56:02,2022-11-18 00:13:43,IP Address,60.251.51.51,100,1061,True,2022-11-18 00:13:44,R_x3r36tEEexG11ap,,,,,24.9466,121.586,anonymous,EN,0.8999999761581421,1,1-2 times per week,Netflix,,Netflix,,Netflix,,Watch alone,Phone,,6,1,4,1,1,1,1,1,1,1,1,1,1,4,4,3,1,4,1,1,1,1,1,5,1,1,1,1,1,1,1,5,1,1,1,1,1,1,1,5,1,1,1,1,1,1,1,5,1,1,1,1,1,1,1,5,1,1,1,1,1,1,1,5,1,1,1,1,1,1,1,5,1,1,1,1,1,1,1,5,1,1,1,1,1,1,1,5,1,1,1,1,1,1,1,5,1,1,1,1,1,1,1,5,1,1,1,1,1,1,1,5,1,1,1,1,1,1,1,Yes,More than 2 years,1-3 hours,4,6,4,4,,,,,,,,4,18 - 24,Female,"$1,000 - $2,999",Master,Single
2022-11-21 15:26:26,2022-11-21 15:34:57,IP Address,64.136.145.104,100,510,True,2022-11-21 15:34:57,R_7WGGQZsmA7aqWjf,,,,,34.0322,-118.2836,qr,EN,0.8999999761581421,20,3-5 times per week,"Netflix,HBO Max",,"Netflix,Amazon Prime Video,HBO Max",,Netflix,,Watch alone,"Laptop,Tablet",,15,4,4,3,4,5,2,2,3,3,4,5,5,5,5,5,4,5,3,3,4,4,3,4,3,3,3,3,3,3,3,5,3,3,4,3,3,3,3,4,3,5,5,3,3,3,3,5,3,3,3,3,3,3,3,4,3,3,2,3,3,3,3,4,3,3,3,3,3,3,3,5,3,3,3,3,3,3,3,3,3,3,3,3,3,3,3,3,3,3,3,3,3,3,3,4,3,3,2,3,3,3,3,5,3,2,4,3,3,3,3,5,3,3,5,3,3,3,3,Yes,6-12 months,More than 7 hours,4,10,4,2,,,,,,,,5,18 - 24,Female,"Less than $1,000",Master,Single
2022-11-21 16:10:28,2022-11-21 16:15:46,IP Address,99.167.86.77,100,318,True,2022-11-21 16:15:47,R_3FJ3rkFanueJ6VU,,,,,34.029,-118.4005,anonymous,EN,1,21,5+ times per week,Netflix,,Netflix,,Netflix,,Watch alone,TV,,10,5,3,2,1,4,5,3,2,2,3,5,5,5,1,2,2,2,2,2,2,2,2,4,3,3,3,3,3,3,3,5,3,3,3,3,3,3,3,2,3,3,3,3,3,3,3,5,3,3,3,3,3,3,3,5,3,3,3,3,3,3,3,5,3,3,3,3,3,3,3,4,3,3,3,3,3,3,3,1,3,3,3,3,3,3,3,5,3,3,3,3,3,3,3,4,3,3,3,3,3,3,3,3,3,3,3,3,3,3,3,4,3,3,3,3,3,3,3,Yes,1-2 years,5-7 hours,4,7,5,1,,,,,,,,0,55 - 64,Female,"$3,000 - $4,999",Bachelor,Married
2022-11-22 18:23:04,2022-11-22 18:29:48,IP Address,68.181.16.200,100,404,True,2022-11-22 18:29:48,R_a8HDTVRZ6EZYoBX,,,,,34.0322,-118.2836,qr,EN,0.8999999761581421,15,3-5 times per week,"Netflix,Amazon Prime Video,Disney+",,"Netflix,Disney+",,Disney+,,"Watch with friends,Watch with significant others/partner",TV,,20,4,4,3,3,2,2,2,3,2,1,5,4,1,5,5,1,5,3,5,4,3,5,4,3,3,2,2,5,1,2,3,3,3,3,3,5,3,3,4,4,4,4,3,5,3,3,5,4,4,4,4,5,4,5,5,3,4,3,3,5,3,3,4,4,4,3,3,5,3,3,5,5,5,5,5,5,5,5,3,3,3,3,3,4,3,3,5,3,3,3,3,5,3,3,5,5,5,5,5,5,5,5,5,3,3,3,3,5,3,3,5,5,5,5,5,5,5,5,Yes,3-6 months,1-3 hours,4,6,4,2,,,,,,,,1,18 - 24,Female,"$3,000 - $4,999",Master,In a Relationship
2022-11-22 18:31:01,2022-11-22 18:40:25,IP Address,68.181.16.59,100,564,True,2022-11-22 18:40:26,R_1kM2pSzLluwVF7g,,,,,34.0322,-118.2836,anonymous,EN,1,15,3-5 times per week,"Netflix,HBO Max",,Netflix,,Netflix,,Watch with friends,"TV,Laptop",,9,5,5,2,3,2,3,4,1,2,2,5,4,4,5,4,4,5,4,4,5,4,4,5,4,4,3,3,4,4,3,5,4,3,3,3,4,4,3,4,4,4,4,4,4,4,4,5,5,4,4,4,5,5,4,5,4,4,4,3,4,4,3,5,5,4,4,4,4,4,4,5,5,4,4,4,4,4,4,5,5,4,4,4,4,4,4,5,5,4,4,4,4,4,4,5,5,4,4,4,4,4,4,4,4,4,4,4,4,4,4,4,4,3,4,3,4,3,3,Yes,Less than 3 months,1-3 hours,4,8,4,2,,,,,,,,3,18 - 24,Female,"$1,000 - $2,999",Master,Single
2022-11-23 03:00:44,2022-11-23 03:10:48,IP Address,223.136.178.33,100,603,True,2022-11-23 03:10:49,R_3MJrdDJJupLdlCX,,,,,25.0504,121.5324,anonymous,EN,0.8999999761581421,10,3-5 times per week,Netflix,,Netflix,,Netflix,,Watch with family,TV,,8,5,4,5,2,5,5,2,5,2,3,5,5,4,5,4,2,4,2,5,5,5,2,1,3,3,3,3,3,3,3,4,3,3,3,3,3,3,3,4,3,3,3,3,3,3,3,4,3,3,3,3,3,3,3,5,3,3,3,3,3,3,3,2,3,3,3,3,3,3,3,5,3,3,3,3,3,3,3,5,3,3,3,3,3,3,3,5,3,3,3,3,3,3,3,5,3,3,3,3,3,3,3,1,3,3,3,3,3,3,3,5,3,3,3,3,3,3,3,Yes,3-6 months,5-7 hours,4,8,5,2,,,,,,,,3,25 - 34,Female,"$1,000 - $2,999",Bachelor,Single
2022-11-23 22:24:32,2022-11-23 22:30:59,IP Address,69.162.213.78,100,386,True,2022-11-23 22:30:59,R_2QScJFUmDiWQleR,,,,,61.2115,-149.8736,qr,EN,1,10,5+ times per week,"Netflix,Amazon Prime Video,AppleTV+",,"Netflix,Amazon Prime Video,AppleTV+",,Netflix,,Watch alone,"TV,Laptop,Phone,Tablet",,24,5,5,5,2,3,4,4,5,1,3,5,3,4,5,5,3,5,3,5,5,5,4,4,3,4,5,3,3,4,5,5,3,4,3,3,3,3,4,5,5,5,5,5,5,5,5,5,5,5,5,5,5,5,5,5,5,5,5,5,5,5,5,5,5,5,5,5,5,5,5,5,3,4,5,5,5,5,5,5,5,4,5,3,3,3,3,3,3,4,3,4,4,5,5,5,5,3,5,5,5,5,5,3,3,3,3,4,4,5,4,4,4,4,4,4,4,4,4,Yes,More than 2 years,1-3 hours,4,7,4,1,,,,,,,,6,18 - 24,Male,"$3,000 - $4,999",Master,Single
